id,permalink,userUrl,author_name,fullname,avatar,verified,text,html,isRetweet,retweetedBy,replyingTo,relativeTime,displayTime,createdAt,images,links,comments,retweets,likes,Views,bank_ext,text_1,postUrl,replyText,text_v1,post,posttype,Sentiment
2053322615134273715,https://x.com/WahibaEsri/status/2053322615134273715,https://x.com/WahibaEsri,WahibaEsri,Wahiba Esri,https://pbs.twimg.com/profile_images/2028034758962515968/s2weQOER_bigger.jpg,,"@EmiratesNBD_AE very disappointed, I took your skywards credit card with a promise of an upgrade to silver on my Emirates skywards, I’ve followed up with the sales representative several times and still no change.",Sure will send now. Thank you 😊,False,,['EmiratesNBD_AE'],7m,"May 10, 2026 · 3:53 AM UTC",2026-05-10T03:53:00Z,,,0,0,0,1,ENBD,Sure will send now. Thank you 😊,https://x.com/WahibaEsri/status/2053322615134273715,"@EmiratesNBD_AE very disappointed, I took your skywards credit card with a promise of an upgrade to silver on my Emirates skywards, I’ve followed up with the sales representative several times and still no change.","@EmiratesNBD_AE very disappointed, I took your skywards credit card with a promise of an upgrade to silver on my Emirates skywards, I’ve followed up with the sales representative several times and still no change.","I am very disappointed with Emirates NBD. I took your Skywards credit card with the promise of an upgrade to silver status in my Emirates Skywards account. I have followed up with the sales representative several times, and there is still no change.",Cust,Negative
2053214685823221984,https://x.com/hamad5uae/status/2053214685823221984,https://x.com/hamad5uae,hamad5uae,حمد الصعاق 🇦🇪,https://pbs.twimg.com/profile_images/1060909169958641665/n_4aleHZ_bigger.jpg,,"Supporting Dubai Culture & Arts Authority in strengthening fraud awareness across their teams.
By building knowledge and vigilance, we’re helping protect what matters and empowering people to stay alert in a fast-changing digital world.
#FraudAwareness #FinancialSafety #UnitedAgainstFraud",الفريق رد برد غبي يقول هاذا عند التحقق و هاذا غير صحيح و صدّر تحديث اليوم اعتقدت انه بيحل الاشكال ولاكن التجاهل واضح يا من يّدعي الخصوصية الخصوصية اصبحت كلام يقال عند الحاجة,False,,['EmiratesNBD_AE'],7h,"May 9, 2026 · 8:45 PM UTC",2026-05-09T20:45:00Z,,,0,0,0,10,ENBD,الفريق رد برد غبي يقول هاذا عند التحقق و هاذا غير صحيح و صدّر تحديث اليوم اعتقدت انه بيحل الاشكال ولاكن التجاهل واضح يا من يّدعي الخصوصية الخصوصية اصبحت كلام يقال عند الحاجة,https://x.com/hamad5uae/status/2053214685823221984,"Supporting Dubai Culture & Arts Authority in strengthening fraud awareness across their teams.
By building knowledge and vigilance, we’re helping protect what matters and empowering people to stay alert in a fast-changing digital world.
#FraudAwareness #FinancialSafety #UnitedAgainstFraud","Supporting Dubai Culture & Arts Authority in strengthening fraud awareness across their teams.
By building knowledge and vigilance, we’re helping protect what matters and empowering people to stay alert in a fast-changing digital world.
#FraudAwareness #FinancialSafety #UnitedAgainstFraud","Supporting Dubai Culture & Arts Authority in strengthening fraud awareness across their teams. By building knowledge and vigilance, we’re helping protect what matters and empowering people to stay alert in a fast-changing digital world. #FraudAwareness #FinancialSafety #UnitedAgainstFraud",Cust,Neutral
2053208001905860832,https://x.com/khaja_moin/status/2053208001905860832,https://x.com/khaja_moin,khaja_moin,KM,https://pbs.twimg.com/profile_images/1550614901487443975/DcrDW-Qa_bigger.jpg,,"@EmiratesNBD_KSA تم خصم رسوم دخول صالة المطار من بطاقتي من قبل بنك الإمارات دبي الوطني بشكل خاطئ، وقمت بتقديم شكوى عبر البريد الإلكتروني والاتصال على الرقم المجاني، لكن للأسف لا يوجد أي رد حتى بعد الانتظار لأكثر من 30 دقيقة على الخط!
نرجو من ENBD التعامل مع شكاوى العملاء بشكل",نرجو من Emirates NBD التعامل مع شكاوى العملاء بشكل أفضل وحل المشكلة بأسرع وقت.,False,,"['khaja_moin', 'EmiratesNBD_KSA']",7h,"May 9, 2026 · 8:18 PM UTC",2026-05-09T20:18:00Z,,,0,0,0,8,ENBD,نرجو من Emirates NBD التعامل مع شكاوى العملاء بشكل أفضل وحل المشكلة بأسرع وقت.,https://x.com/khaja_moin/status/2053208001905860832,"@EmiratesNBD_KSA تم خصم رسوم دخول صالة المطار من بطاقتي من قبل بنك الإمارات دبي الوطني بشكل خاطئ، وقمت بتقديم شكوى عبر البريد الإلكتروني والاتصال على الرقم المجاني، لكن للأسف لا يوجد أي رد حتى بعد الانتظار لأكثر من 30 دقيقة على الخط!
نرجو من ENBD التعامل مع شكاوى العملاء بشكل","@EmiratesNBD_KSA تم خصم رسوم دخول صالة المطار من بطاقتي من قبل بنك الإمارات دبي الوطني بشكل خاطئ، وقمت بتقديم شكوى عبر البريد الإلكتروني والاتصال على الرقم المجاني، لكن للأسف لا يوجد أي رد حتى بعد الانتظار لأكثر من 30 دقيقة على الخط!
نرجو من ENBD التعامل مع شكاوى العملاء بشكل","Emirates NBD deducted airport lounge access fees from my card incorrectly, and I submitted a complaint via email and called the toll-free number, but unfortunately, there has been no response even after waiting for more than 30 minutes on the line! We hope ENBD will handle customer complaints more effectively.",Cust,Negative
2053207767746326594,https://x.com/khaja_moin/status/2053207767746326594,https://x.com/khaja_moin,khaja_moin,KM,https://pbs.twimg.com/profile_images/1550614901487443975/DcrDW-Qa_bigger.jpg,,"@EmiratesNBD_KSA تم خصم رسوم دخول صالة المطار من بطاقتي من قبل بنك الإمارات دبي الوطني بشكل خاطئ، وقمت بتقديم شكوى عبر البريد الإلكتروني والاتصال على الرقم المجاني، لكن للأسف لا يوجد أي رد حتى بعد الانتظار لأكثر من 30 دقيقة على الخط!
نرجو من ENBD التعامل مع شكاوى العملاء بشكل","<a href=""/EmiratesNBD_KSA"" title=""Emirates NBD KSA"">@EmiratesNBD_KSA</a> تم خصم رسوم دخول صالة المطار من بطاقتي من قبل بنك الإمارات دبي الوطني بشكل خاطئ، وقمت بتقديم شكوى عبر البريد الإلكتروني والاتصال على الرقم المجاني، لكن للأسف لا يوجد أي رد حتى بعد الانتظار لأكثر من 30 دقيقة على الخط!
نرجو من ENBD التعامل مع شكاوى العملاء بشكل",False,,,7h,"May 9, 2026 · 8:17 PM UTC",2026-05-09T20:17:00Z,,['https://x.com/EmiratesNBD_KSA'],1,0,0,71,ENBD,"@EmiratesNBD_KSA تم خصم رسوم دخول صالة المطار من بطاقتي من قبل بنك الإمارات دبي الوطني بشكل خاطئ، وقمت بتقديم شكوى عبر البريد الإلكتروني والاتصال على الرقم المجاني، لكن للأسف لا يوجد أي رد حتى بعد الانتظار لأكثر من 30 دقيقة على الخط!
نرجو من ENBD التعامل مع شكاوى العملاء بشكل",,,"@EmiratesNBD_KSA تم خصم رسوم دخول صالة المطار من بطاقتي من قبل بنك الإمارات دبي الوطني بشكل خاطئ، وقمت بتقديم شكوى عبر البريد الإلكتروني والاتصال على الرقم المجاني، لكن للأسف لا يوجد أي رد حتى بعد الانتظار لأكثر من 30 دقيقة على الخط!
نرجو من ENBD التعامل مع شكاوى العملاء بشكل","Emirates NBD deducted the airport lounge access fee from my card incorrectly, and I submitted a complaint via email and called the toll-free number, but unfortunately, there has been no response even after waiting for more than 30 minutes on the line! We hope ENBD will handle customer complaints more effectively.",Cust,Negative
2053137035909648470,https://x.com/Researchpub9/status/2053137035909648470,https://x.com/Researchpub9,Researchpub9,المنارة | النشر العلمي,https://pbs.twimg.com/profile_images/2024869127861514241/GV2yemvW_bigger.jpg,,"اختتام برنامج التفكير الاستراتيجي والتنفيذي بالتعاون مع بنك الإمارات دبي الوطني @EmiratesNBD_KSA ، لتعزيز مهارات التفكير الاستراتيجي والقدرات التنفيذية لقيادة الأعمال بكفاءة.

#معاً_نصنع_الأثر
#الأكاديمية_المالية https://t.co/4OzuLTEgnR",برنامج مميز يعزز مهارات القيادة وصناعة القرار,False,,"['thefaksa', 'EmiratesNBD_KSA']",12h,"May 9, 2026 · 3:36 PM UTC",2026-05-09T15:36:00Z,,,0,0,2,20,ENBD,برنامج مميز يعزز مهارات القيادة وصناعة القرار,https://x.com/Researchpub9/status/2053137035909648470,"اختتام برنامج التفكير الاستراتيجي والتنفيذي بالتعاون مع بنك الإمارات دبي الوطني @EmiratesNBD_KSA ، لتعزيز مهارات التفكير الاستراتيجي والقدرات التنفيذية لقيادة الأعمال بكفاءة.

#معاً_نصنع_الأثر
#الأكاديمية_المالية https://t.co/4OzuLTEgnR","اختتام برنامج التفكير الاستراتيجي والتنفيذي بالتعاون مع بنك الإمارات دبي الوطني @EmiratesNBD_KSA ، لتعزيز مهارات التفكير الاستراتيجي والقدرات التنفيذية لقيادة الأعمال بكفاءة.

#معاً_نصنع_الأثر
#الأكاديمية_المالية https://t.co/4OzuLTEgnR",The conclusion of the strategic and executive thinking program in collaboration with Emirates NBD to enhance strategic thinking skills and executive capabilities for leading businesses efficiently.,Cust,Positive
2053128972691505181,https://x.com/OsamaBadandy/status/2053128972691505181,https://x.com/OsamaBadandy,OsamaBadandy,Osama Badandy,https://pbs.twimg.com/profile_images/2021870405548494848/YQ7mP-bp_bigger.jpg,,القيادة اليوم تحتاج توازن بين وضوح الرؤية والقدرة على التنفيذ وبرامج بهالنوع تصنع فرق حقيقي في جاهزية القيادات لمتغيرات السوق خطوة موفقة وشراكة ملهمة تستحق التقدير,القيادة اليوم تحتاج توازن بين وضوح الرؤية والقدرة على التنفيذ وبرامج بهالنوع تصنع فرق حقيقي في جاهزية القيادات لمتغيرات السوق خطوة موفقة وشراكة ملهمة تستحق التقدير,False,,"['thefaksa', 'EmiratesNBD_KSA']",12h,"May 9, 2026 · 3:04 PM UTC",2026-05-09T15:04:00Z,,,0,0,0,27,ENBD,القيادة اليوم تحتاج توازن بين وضوح الرؤية والقدرة على التنفيذ وبرامج بهالنوع تصنع فرق حقيقي في جاهزية القيادات لمتغيرات السوق خطوة موفقة وشراكة ملهمة تستحق التقدير,,,القيادة اليوم تحتاج توازن بين وضوح الرؤية والقدرة على التنفيذ وبرامج بهالنوع تصنع فرق حقيقي في جاهزية القيادات لمتغيرات السوق خطوة موفقة وشراكة ملهمة تستحق التقدير,"Leadership today requires a balance between clarity of vision and the ability to execute, and programs of this kind make a real difference in preparing leaders for market changes. A successful step and an inspiring partnership that deserves appreciation.",Cust,Neutral
2053105582903525791,https://x.com/thefaksa/status/2053105582903525791,https://x.com/thefaksa,thefaksa,الأكاديمية المالية,https://pbs.twimg.com/profile_images/1896320398397976576/d6YamQ7a_bigger.jpg,,"اختتام برنامج التفكير الاستراتيجي والتنفيذي بالتعاون مع بنك الإمارات دبي الوطني @EmiratesNBD_KSA ، لتعزيز مهارات التفكير الاستراتيجي والقدرات التنفيذية لقيادة الأعمال بكفاءة.

#معاً_نصنع_الأثر
#الأكاديمية_المالية","اختتام برنامج التفكير الاستراتيجي والتنفيذي بالتعاون مع بنك الإمارات دبي الوطني <a href=""/EmiratesNBD_KSA"" title=""Emirates NBD KSA"">@EmiratesNBD_KSA</a> ، لتعزيز مهارات التفكير الاستراتيجي والقدرات التنفيذية لقيادة الأعمال بكفاءة.

<a href=""/search?f=tweets&amp;q=%23معاً_نصنع_الأثر"">#معاً_نصنع_الأثر</a>
<a href=""/search?f=tweets&amp;q=%23الأكاديمية_المالية"">#الأكاديمية_المالية</a>",False,,,14h,"May 9, 2026 · 1:31 PM UTC",2026-05-09T13:31:00Z,,"['https://x.com/EmiratesNBD_KSA', 'https://x.com/search?f=tweets&q=%23معاً_نصنع_الأثر', 'https://x.com/search?f=tweets&q=%23الأكاديمية_المالية']",2,1,7,1438,ENBD,"اختتام برنامج التفكير الاستراتيجي والتنفيذي بالتعاون مع بنك الإمارات دبي الوطني @EmiratesNBD_KSA ، لتعزيز مهارات التفكير الاستراتيجي والقدرات التنفيذية لقيادة الأعمال بكفاءة.

#معاً_نصنع_الأثر
#الأكاديمية_المالية",,,"اختتام برنامج التفكير الاستراتيجي والتنفيذي بالتعاون مع بنك الإمارات دبي الوطني @EmiratesNBD_KSA ، لتعزيز مهارات التفكير الاستراتيجي والقدرات التنفيذية لقيادة الأعمال بكفاءة.

#معاً_نصنع_الأثر
#الأكاديمية_المالية",The conclusion of the strategic and executive thinking program in collaboration with Emirates NBD to enhance strategic thinking skills and executive capabilities for leading businesses efficiently.,Cust,Positive
2053101582175326235,https://x.com/WahibaEsri/status/2053101582175326235,https://x.com/WahibaEsri,WahibaEsri,Wahiba Esri,https://pbs.twimg.com/profile_images/2028034758962515968/s2weQOER_bigger.jpg,,"@EmiratesNBD_AE very disappointed, I took your skywards credit card with a promise of an upgrade to silver on my Emirates skywards, I’ve followed up with the sales representative several times and still no change.","<a href=""/EmiratesNBD_AE"" title=""Emirates NBD"">@EmiratesNBD_AE</a> very disappointed, I took your skywards credit card with a promise of an upgrade to silver on my Emirates skywards, I’ve followed up with the sales representative several times and still no change.",False,,,14h,"May 9, 2026 · 1:15 PM UTC",2026-05-09T13:15:00Z,,['https://x.com/EmiratesNBD_AE'],2,0,0,6,ENBD,"@EmiratesNBD_AE very disappointed, I took your skywards credit card with a promise of an upgrade to silver on my Emirates skywards, I’ve followed up with the sales representative several times and still no change.",,,"@EmiratesNBD_AE very disappointed, I took your skywards credit card with a promise of an upgrade to silver on my Emirates skywards, I’ve followed up with the sales representative several times and still no change.",I am very disappointed with Emirates NBD. I took your Skywards credit card with the promise of an upgrade to silver on my Emirates Skywards. I have followed up with the sales representative several times and there is still no change.,Cust,Negative
2053099385509314696,https://x.com/AnAgitator/status/2053099385509314696,https://x.com/AnAgitator,AnAgitator,Hunain Pirzada,https://pbs.twimg.com/profile_images/1747440388019822593/wUUvbdzA_bigger.jpg,,"Got Etihad Guest Visa Elevate Card from one of ENBD agent upon signing the docs and before opening he told me that 40K limit will be allocated but upon receiving the card 1300 limit is opened. Now as per the agent technical error is being corrected since 10 days 🙄🤦🏻‍♂️

@ENBDdeals",Let’s see the if the case resolves as early as ENBD response on social media time ticks 🕰️ Email sent,False,,['ENBDdeals'],14h,"May 9, 2026 · 1:06 PM UTC",2026-05-09T13:06:00Z,,,1,0,0,15,ENBD,Let’s see the if the case resolves as early as ENBD response on social media time ticks 🕰️ Email sent,https://x.com/AnAgitator/status/2053099385509314696,"Got Etihad Guest Visa Elevate Card from one of ENBD agent upon signing the docs and before opening he told me that 40K limit will be allocated but upon receiving the card 1300 limit is opened. Now as per the agent technical error is being corrected since 10 days 🙄🤦🏻‍♂️

@ENBDdeals","Got Etihad Guest Visa Elevate Card from one of ENBD agent upon signing the docs and before opening he told me that 40K limit will be allocated but upon receiving the card 1300 limit is opened. Now as per the agent technical error is being corrected since 10 days 🙄🤦🏻‍♂️

@ENBDdeals","I received the Etihad Guest Visa Elevate Card from an ENBD agent when I signed the documents, and he told me that a limit of 40,000 would be allocated. However, upon receiving the card, only a limit of 1,300 was opened. The agent mentioned that a technical error is being corrected, and it has been 10 days.",Cust,Negative
2053096589762482434,https://x.com/AnAgitator/status/2053096589762482434,https://x.com/AnAgitator,AnAgitator,Hunain Pirzada,https://pbs.twimg.com/profile_images/1747440388019822593/wUUvbdzA_bigger.jpg,,"@AnAgitator Hi Hunain, we’re sorry to hear that you’re having unpleasant experience. We will be glad to assist you and have it fixed. Kindly send us the details at social@EmiratesNBD.com from your registered email address so we can review and assist.","Got Etihad Guest Visa Elevate Card from one of ENBD agent upon signing the docs and before opening he told me that 40K limit will be allocated but upon receiving the card 1300 limit is opened. Now as per the agent technical error is being corrected since 10 days 🙄🤦🏻‍♂️

<a href=""/ENBDdeals"" title=""Emirates NBD Deals"">@ENBDdeals</a>",False,,,15h,"May 9, 2026 · 12:55 PM UTC",2026-05-09T12:55:00Z,,['https://x.com/ENBDdeals'],2,0,0,158,ENBD,"Got Etihad Guest Visa Elevate Card from one of ENBD agent upon signing the docs and before opening he told me that 40K limit will be allocated but upon receiving the card 1300 limit is opened. Now as per the agent technical error is being corrected since 10 days 🙄🤦🏻‍♂️

@ENBDdeals",https://x.com/AnAgitator/status/2053096589762482434,"@AnAgitator Hi Hunain, we’re sorry to hear that you’re having unpleasant experience. We will be glad to assist you and have it fixed. Kindly send us the details at social@EmiratesNBD.com from your registered email address so we can review and assist.","@AnAgitator Hi Hunain, we’re sorry to hear that you’re having unpleasant experience. We will be glad to assist you and have it fixed. Kindly send us the details at social@EmiratesNBD.com from your registered email address so we can review and assist.","Hi Hunain, we’re sorry to hear that you’re having an unpleasant experience. We will be glad to assist you and have it fixed. Kindly send us the details at social@EmiratesNBD.com from your registered email address so we can review and assist.",Cust,Negative
2053074699110789212,https://x.com/Kashif111144/status/2053074699110789212,https://x.com/Kashif111144,Kashif111144,Kashif,https://pbs.twimg.com/profile_images/2035721972361928704/W-51tE0S_bigger.jpg,,"UAE benefits from sanctions on Iran . Becoming 2nd largest trading partner of Iran. If sanctions are lifted all trade will go DIRECT to Iran , no longer any need for  UAE ports 
 #uae #iran","UAE controls Pakistan banking bribing leaders for decades. 
BANKS owned by UAE in PK(not complete list) 
1. Alfalah 
2. Dubai Islamic 
3. Mashreq 
4. Emirates NBD 
5. Emirates Global 
6. FWB 
7. Al Baraka 
8. Ubank 
9. EasyPaisa 
10. Jazzcash  
11. BML  
<a href=""/search?f=tweets&amp;q=%23Islamabad"">#Islamabad</a> <a href=""/search?f=tweets&amp;q=%23Pakistan"">#Pakistan</a> <a href=""/search?f=tweets&amp;q=%23UAE"">#UAE</a>",False,,,16h,"May 9, 2026 · 11:28 AM UTC",2026-05-09T11:28:00Z,,"['https://x.com/search?f=tweets&q=%23Islamabad', 'https://x.com/search?f=tweets&q=%23Pakistan', 'https://x.com/search?f=tweets&q=%23UAE']",0,0,0,55,ENBD,"UAE controls Pakistan banking bribing leaders for decades. 
BANKS owned by UAE in PK(not complete list) 
1. Alfalah 
2. Dubai Islamic 
3. Mashreq 
4. Emirates NBD 
5. Emirates Global 
6. FWB 
7. Al Baraka 
8. Ubank 
9. EasyPaisa 
10. Jazzcash  
11. BML  
#Islamabad #Pakistan #UAE",https://x.com/Kashif111144/status/2053074699110789212,"UAE benefits from sanctions on Iran . Becoming 2nd largest trading partner of Iran. If sanctions are lifted all trade will go DIRECT to Iran , no longer any need for  UAE ports 
 #uae #iran","UAE benefits from sanctions on Iran . Becoming 2nd largest trading partner of Iran. If sanctions are lifted all trade will go DIRECT to Iran , no longer any need for  UAE ports 
 #uae #iran","UAE benefits from sanctions on Iran, becoming the second largest trading partner of Iran. If sanctions are lifted, all trade will go directly to Iran, eliminating the need for UAE ports.",Cust,Neutral
2053051787704164789,https://x.com/naser8581/status/2053051787704164789,https://x.com/naser8581,naser8581,NASSER,https://pbs.twimg.com/profile_images/2041409109241810944/qL1Z5oGu_bigger.jpg,,"@DXBMediaOffice @ENBDdeals @EmiratesNBD_AE  @EmiratesNBD_EGY 
أرفع هذه الشكوى بسبب تعثرها مع خدمة العملاء وعدم وجود حل واضح. طلبي بسيط: 
رقم إيصال التحويل لسداد المديونية، 
لكن تم رفع طلب 3 أيام عمل بلا مبرر. لدي مبلغ محجوز بحجة مخالصة، ومع ذلك سيُخصم قسط مايو. وضع غير منطقي !!!!","<a href=""/DXBMediaOffice"" title=""Dubai Media Office"">@DXBMediaOffice</a> <a href=""/ENBDdeals"" title=""Emirates NBD Deals"">@ENBDdeals</a> <a href=""/EmiratesNBD_AE"" title=""Emirates NBD"">@EmiratesNBD_AE</a>  <a href=""/EmiratesNBD_EGY"" title=""Emirates NBD"">@EmiratesNBD_EGY</a> 
أرفع هذه الشكوى بسبب تعثرها مع خدمة العملاء وعدم وجود حل واضح. طلبي بسيط: 
رقم إيصال التحويل لسداد المديونية، 
لكن تم رفع طلب 3 أيام عمل بلا مبرر. لدي مبلغ محجوز بحجة مخالصة، ومع ذلك سيُخصم قسط مايو. وضع غير منطقي !!!!",False,,,18h,"May 9, 2026 · 9:57 AM UTC",2026-05-09T09:57:00Z,,"['https://x.com/DXBMediaOffice', 'https://x.com/ENBDdeals', 'https://x.com/EmiratesNBD_AE', 'https://x.com/EmiratesNBD_EGY']",1,0,0,17,ENBD,"@DXBMediaOffice @ENBDdeals @EmiratesNBD_AE  @EmiratesNBD_EGY 
أرفع هذه الشكوى بسبب تعثرها مع خدمة العملاء وعدم وجود حل واضح. طلبي بسيط: 
رقم إيصال التحويل لسداد المديونية، 
لكن تم رفع طلب 3 أيام عمل بلا مبرر. لدي مبلغ محجوز بحجة مخالصة، ومع ذلك سيُخصم قسط مايو. وضع غير منطقي !!!!",https://x.com/naser8581/status/2053051787704164789,"@DXBMediaOffice @ENBDdeals @EmiratesNBD_AE  @EmiratesNBD_EGY 
أرفع هذه الشكوى بسبب تعثرها مع خدمة العملاء وعدم وجود حل واضح. طلبي بسيط: 
رقم إيصال التحويل لسداد المديونية، 
لكن تم رفع طلب 3 أيام عمل بلا مبرر. لدي مبلغ محجوز بحجة مخالصة، ومع ذلك سيُخصم قسط مايو. وضع غير منطقي !!!!","@DXBMediaOffice @ENBDdeals @EmiratesNBD_AE  @EmiratesNBD_EGY 
أرفع هذه الشكوى بسبب تعثرها مع خدمة العملاء وعدم وجود حل واضح. طلبي بسيط: 
رقم إيصال التحويل لسداد المديونية، 
لكن تم رفع طلب 3 أيام عمل بلا مبرر. لدي مبلغ محجوز بحجة مخالصة، ومع ذلك سيُخصم قسط مايو. وضع غير منطقي !!!!","I am raising this complaint due to the difficulties I faced with customer service and the lack of a clear solution. My request is simple: the transfer receipt number for settling the debt. However, a request has been raised for 3 working days without justification. I have an amount on hold under the pretext of clearance, yet the May installment will still be deducted. This is an illogical situation!!!!",Cust,Negative
2053043908301783179,https://x.com/HussainAzh82168/status/2053043908301783179,https://x.com/HussainAzh82168,HussainAzh82168,Azher Hussain,https://pbs.twimg.com/profile_images/1771472983200034816/FZyCNOjV_bigger.jpg,,"@EmiratesNBD_AE what on earth is going on with UAE Banking?
Yesterday Wio was not working for video verification.
Today eNBD isn't working for touchID.
Has the banking sector moved app testing to AI?
I've seen a lot of incompetence especially at eNBD but not sector wide like this","<a href=""/centralbankuae"" title=""Central Bank of the UAE"">@centralbankuae</a> <a href=""/WioBank"" title=""Wio Bank"">@WioBank</a> 
5 hours wasted yesterday on the Wio issue and then 2 hours today on eNBD.
This is amateur hour.
The issues &amp; work arounds  should have been immediately pushed to customers.
It shows an utter lack of respect for your CUSTOMERS.",False,,['EmiratesNBD_AE'],18h,"May 9, 2026 · 9:26 AM UTC",2026-05-09T09:26:00Z,,"['https://x.com/centralbankuae', 'https://x.com/WioBank']",3,0,0,25,ENBD,"@centralbankuae @WioBank 
5 hours wasted yesterday on the Wio issue and then 2 hours today on eNBD.
This is amateur hour.
The issues & work arounds  should have been immediately pushed to customers.
It shows an utter lack of respect for your CUSTOMERS.",https://x.com/HussainAzh82168/status/2053043908301783179,"@EmiratesNBD_AE what on earth is going on with UAE Banking?
Yesterday Wio was not working for video verification.
Today eNBD isn't working for touchID.
Has the banking sector moved app testing to AI?
I've seen a lot of incompetence especially at eNBD but not sector wide like this","@EmiratesNBD_AE what on earth is going on with UAE Banking?
Yesterday Wio was not working for video verification.
Today eNBD isn't working for touchID.
Has the banking sector moved app testing to AI?
I've seen a lot of incompetence especially at eNBD but not sector wide like this",What on earth is going on with UAE Banking? Yesterday Wio was not working for video verification. Today eNBD isn't working for Touch ID. Has the banking sector moved app testing to AI? I've seen a lot of incompetence especially at eNBD but not sector-wide like this.,Cust,Negative
2053034278775353687,https://x.com/jurian777/status/2053034278775353687,https://x.com/jurian777,jurian777,齋藤純 Jun Saito,https://pbs.twimg.com/profile_images/2052150684968218625/9AJu83Hb_bigger.jpg,,【企業統治】「湾岸アラブ諸国企業における取締役会の役割」https://t.co/NQXuiOV7Fq,【企業統治】ENBDやFABが「王族・国家エリート型」、Mashreqbankが「財閥型」とすると、CBDはその中間で、Family型からState-Elite型へ移る銀行として位置づけ。,False,,,19h,"May 9, 2026 · 8:48 AM UTC",2026-05-09T08:48:00Z,,,0,0,0,51,ENBD,【企業統治】ENBDやFABが「王族・国家エリート型」、Mashreqbankが「財閥型」とすると、CBDはその中間で、Family型からState-Elite型へ移る銀行として位置づけ。,https://x.com/jurian777/status/2053034278775353687,【企業統治】「湾岸アラブ諸国企業における取締役会の役割」https://t.co/NQXuiOV7Fq,【企業統治】「湾岸アラブ諸国企業における取締役会の役割」https://t.co/NQXuiOV7Fq,"Corporate Governance: ""The Role of the Board of Directors in Gulf Arab Countries' Companies""",Cust,Neutral
2053020473697673405,https://x.com/EmiratesNBD_AE/status/2053020473697673405,https://x.com/EmiratesNBD_AE,EmiratesNBD_AE,Emirates NBD,https://pbs.twimg.com/profile_images/2042294543308242946/ScvMjarh_bigger.jpg,,"At Make it in the Emirates 2026, we were inspired by the ambition, innovation and entrepreneurial spirit shaping the UAE's future.
Emirates NBD was proud to engage with the businesses and visionaries driving the nation forward, reaffirming our commitment to empowering growth, enabling progress and supporting those building a formidable future for this great nation.

#MIITE2026 #MakeltInTheEmirates
#EmiratesNBD #StrategicPartnership
#EmpoweringIndustryGrowth #DrivingEconomicimpact","At Make it in the Emirates 2026, we were inspired by the ambition, innovation and entrepreneurial spirit shaping the UAE&#39;s future.
Emirates NBD was proud to engage with the businesses and visionaries driving the nation forward, reaffirming our commitment to empowering growth, enabling progress and supporting those building a formidable future for this great nation.

<a href=""/search?f=tweets&amp;q=%23MIITE2026"">#MIITE2026</a> <a href=""/search?f=tweets&amp;q=%23MakeltInTheEmirates"">#MakeltInTheEmirates</a>
<a href=""/search?f=tweets&amp;q=%23EmiratesNBD"">#EmiratesNBD</a> <a href=""/search?f=tweets&amp;q=%23StrategicPartnership"">#StrategicPartnership</a>
<a href=""/search?f=tweets&amp;q=%23EmpoweringIndustryGrowth"">#EmpoweringIndustryGrowth</a> <a href=""/search?f=tweets&amp;q=%23DrivingEconomicimpact"">#DrivingEconomicimpact</a>",False,,,20h,"May 9, 2026 · 7:53 AM UTC",2026-05-09T07:53:00Z,,"['https://x.com/search?f=tweets&q=%23MIITE2026', 'https://x.com/search?f=tweets&q=%23MakeltInTheEmirates', 'https://x.com/search?f=tweets&q=%23EmiratesNBD', 'https://x.com/search?f=tweets&q=%23StrategicPartnership', 'https://x.com/search?f=tweets&q=%23EmpoweringIndustryGrowth', 'https://x.com/search?f=tweets&q=%23DrivingEconomicimpact']",0,3,2,446,ENBD,"At Make it in the Emirates 2026, we were inspired by the ambition, innovation and entrepreneurial spirit shaping the UAE's future.
Emirates NBD was proud to engage with the businesses and visionaries driving the nation forward, reaffirming our commitment to empowering growth, enabling progress and supporting those building a formidable future for this great nation.

#MIITE2026 #MakeltInTheEmirates
#EmiratesNBD #StrategicPartnership
#EmpoweringIndustryGrowth #DrivingEconomicimpact",https://x.com/EmiratesNBD_AE/status/2053020473697673405,"At Make it in the Emirates 2026, we were inspired by the ambition, innovation and entrepreneurial spirit shaping the UAE's future.
Emirates NBD was proud to engage with the businesses and visionaries driving the nation forward, reaffirming our commitment to empowering growth, enabling progress and supporting those building a formidable future for this great nation.

#MIITE2026 #MakeltInTheEmirates
#EmiratesNBD #StrategicPartnership
#EmpoweringIndustryGrowth #DrivingEconomicimpact","At Make it in the Emirates 2026, we were inspired by the ambition, innovation and entrepreneurial spirit shaping the UAE's future.
Emirates NBD was proud to engage with the businesses and visionaries driving the nation forward, reaffirming our commitment to empowering growth, enabling progress and supporting those building a formidable future for this great nation.

#MIITE2026 #MakeltInTheEmirates
#EmiratesNBD #StrategicPartnership
#EmpoweringIndustryGrowth #DrivingEconomicimpact","At Make it in the Emirates 2026, we were inspired by the ambition, innovation, and entrepreneurial spirit shaping the UAE's future. Emirates NBD was proud to engage with the businesses and visionaries driving the nation forward, reaffirming our commitment to empowering growth, enabling progress, and supporting those building a formidable future for this great nation.",Bank,Positive
2053012069453267277,https://x.com/PBNBHARAT/status/2053012069453267277,https://x.com/PBNBHARAT,PBNBHARAT,PBN BHARAT,https://pbs.twimg.com/profile_images/1649703414899568640/0TUDRP8k_bigger.jpg,,"The price of GOLD in Goa today

#GoldPrice #GoldPriceGoa #GoldRates #GoldUpdate #TodayGoldPrice #GoldMarket #GoldRatesGoa #PreciousMetals #JewelleryMarket #goldnews https://t.co/HGzdfjtN51","CM Dr. Pramod Sawant Meets R. Subramaniakumar, Discusses Banking Growth &amp; Investment

<a href=""/DrPramodPSawant"" title=""Dr. Pramod Sawant"">@DrPramodPSawant</a> <a href=""/rblbank"" title=""RBL Bank"">@rblbank</a> <a href=""/search?f=tweets&amp;q=%23EmiratesNBD"">#EmiratesNBD</a> <a href=""/search?f=tweets&amp;q=%23FDI"">#FDI</a> <a href=""/search?f=tweets&amp;q=%23BankingSector"">#BankingSector</a> <a href=""/search?f=tweets&amp;q=%23EconomicGrowth"">#EconomicGrowth</a> <a href=""/search?f=tweets&amp;q=%23CSR"">#CSR</a> <a href=""/search?f=tweets&amp;q=%23UMEED"">#UMEED</a> <a href=""/search?f=tweets&amp;q=%23EducationSupport"">#EducationSupport</a> <a href=""/search?f=tweets&amp;q=%23ViksitBharat"">#ViksitBharat</a> <a href=""/search?f=tweets&amp;q=%23GoaNews"">#GoaNews</a> <a href=""/search?f=tweets&amp;q=%23IndiaGrowth"">#IndiaGrowth</a>",False,,,20h,"May 9, 2026 · 7:19 AM UTC",2026-05-09T07:19:00Z,,"['https://x.com/DrPramodPSawant', 'https://x.com/rblbank', 'https://x.com/search?f=tweets&q=%23EmiratesNBD', 'https://x.com/search?f=tweets&q=%23FDI', 'https://x.com/search?f=tweets&q=%23BankingSector', 'https://x.com/search?f=tweets&q=%23EconomicGrowth', 'https://x.com/search?f=tweets&q=%23CSR', 'https://x.com/search?f=tweets&q=%23UMEED', 'https://x.com/search?f=tweets&q=%23EducationSupport', 'https://x.com/search?f=tweets&q=%23ViksitBharat', 'https://x.com/search?f=tweets&q=%23GoaNews', 'https://x.com/search?f=tweets&q=%23IndiaGrowth']",0,0,0,22,ENBD,"CM Dr. Pramod Sawant Meets R. Subramaniakumar, Discusses Banking Growth & Investment

@DrPramodPSawant @rblbank #EmiratesNBD #FDI #BankingSector #EconomicGrowth #CSR #UMEED #EducationSupport #ViksitBharat #GoaNews #IndiaGrowth",https://x.com/PBNBHARAT/status/2053012069453267277,"The price of GOLD in Goa today

#GoldPrice #GoldPriceGoa #GoldRates #GoldUpdate #TodayGoldPrice #GoldMarket #GoldRatesGoa #PreciousMetals #JewelleryMarket #goldnews https://t.co/HGzdfjtN51","The price of GOLD in Goa today

#GoldPrice #GoldPriceGoa #GoldRates #GoldUpdate #TodayGoldPrice #GoldMarket #GoldRatesGoa #PreciousMetals #JewelleryMarket #goldnews https://t.co/HGzdfjtN51",The price of GOLD in Goa today,Cust,Neutral
2053010609298665966,https://x.com/HussainAzh82168/status/2053010609298665966,https://x.com/HussainAzh82168,HussainAzh82168,Azher Hussain,https://pbs.twimg.com/profile_images/1771472983200034816/FZyCNOjV_bigger.jpg,,"@EmiratesNBD_AE what on earth is going on with UAE Banking?
Yesterday Wio was not working for video verification.
Today eNBD isn't working for touchID.
Has the banking sector moved app testing to AI?
I've seen a lot of incompetence especially at eNBD but not sector wide like this","<a href=""/EmiratesNBD_AE"" title=""Emirates NBD"">@EmiratesNBD_AE</a> what on earth is going on with UAE Banking?
Yesterday Wio was not working for video verification.
Today eNBD isn&#39;t working for touchID.
Has the banking sector moved app testing to AI?
I&#39;ve seen a lot of incompetence especially at eNBD but not sector wide like this",False,,,20h,"May 9, 2026 · 7:14 AM UTC",2026-05-09T07:14:00Z,,['https://x.com/EmiratesNBD_AE'],1,0,0,24,ENBD,"@EmiratesNBD_AE what on earth is going on with UAE Banking?
Yesterday Wio was not working for video verification.
Today eNBD isn't working for touchID.
Has the banking sector moved app testing to AI?
I've seen a lot of incompetence especially at eNBD but not sector wide like this",,,"@EmiratesNBD_AE what on earth is going on with UAE Banking?
Yesterday Wio was not working for video verification.
Today eNBD isn't working for touchID.
Has the banking sector moved app testing to AI?
I've seen a lot of incompetence especially at eNBD but not sector wide like this","What on earth is going on with UAE Banking? Yesterday Wio was not working for video verification. Today eNBD isn't working for Touch ID. Has the banking sector moved app testing to AI? I've seen a lot of incompetence, especially at eNBD, but not sector-wide like this.",Cust,Negative
2052995547032859114,https://x.com/AsliAfnas/status/2052995547032859114,https://x.com/AsliAfnas,AsliAfnas,Afnas Mohammed,https://pbs.twimg.com/profile_images/798233988024274944/Cwty_Xp__bigger.jpg,,"I did a biggest mistake of my life applying a card through @paywithtabby , which was issued within minutes, now when i asked for cancellation it has been 11 days and they are still waiting to cancel, with just a generic update “We are working on it” for 11 days!","I request <a href=""/centralbankuae"" title=""Central Bank of the UAE"">@centralbankuae</a> and <a href=""/SanadakUAE"" title=""Sanadak"">@sanadakuae</a> to investigate, without my consent limit of my tabby card was raised and tabby card cancellation request is still pending after 12 days. <a href=""/paywithtabby"" title=""Tabby | تابي"">@paywithtabby</a> <a href=""/asktabby"" title=""asktabby"">@asktabby</a> <a href=""/ENBDdeals"" title=""Emirates NBD Deals"">@ENBDdeals</a> <a href=""/EmiratesNBD_AE"" title=""Emirates NBD"">@EmiratesNBD_AE</a>",False,,,21h,"May 9, 2026 · 6:14 AM UTC",2026-05-09T06:14:00Z,,"['https://x.com/centralbankuae', 'https://x.com/SanadakUAE', 'https://x.com/paywithtabby', 'https://x.com/asktabby', 'https://x.com/ENBDdeals', 'https://x.com/EmiratesNBD_AE']",1,0,0,20,ENBD,"I request @centralbankuae and @sanadakuae to investigate, without my consent limit of my tabby card was raised and tabby card cancellation request is still pending after 12 days. @paywithtabby @asktabby @ENBDdeals @EmiratesNBD_AE",https://x.com/AsliAfnas/status/2052995547032859114,"I did a biggest mistake of my life applying a card through @paywithtabby , which was issued within minutes, now when i asked for cancellation it has been 11 days and they are still waiting to cancel, with just a generic update “We are working on it” for 11 days!","I did a biggest mistake of my life applying a card through @paywithtabby , which was issued within minutes, now when i asked for cancellation it has been 11 days and they are still waiting to cancel, with just a generic update “We are working on it” for 11 days!","I made the biggest mistake of my life applying for a card through @paywithtabby, which was issued within minutes. Now, when I asked for cancellation, it has been 11 days and they are still waiting to cancel, with just a generic update “We are working on it” for 11 days!",Cust,Negative
2052995160561144095,https://x.com/financebufffh/status/2052995160561144095,https://x.com/financebufffh,financebufffh,Sal Faisal,https://pbs.twimg.com/profile_images/1865036200186171392/c0999EJk_bigger.jpg,,Emirates NBD remains at the forefront of digital banking innovation in MENA. This Eid teaser suggests another sophisticated blend of cultural tradition and financial technology advancement.,Emirates NBD remains at the forefront of digital banking innovation in MENA. This Eid teaser suggests another sophisticated blend of cultural tradition and financial technology advancement.,False,,,21h,"May 9, 2026 · 6:12 AM UTC",2026-05-09T06:12:00Z,,,0,0,0,17,ENBD,Emirates NBD remains at the forefront of digital banking innovation in MENA. This Eid teaser suggests another sophisticated blend of cultural tradition and financial technology advancement.,,,Emirates NBD remains at the forefront of digital banking innovation in MENA. This Eid teaser suggests another sophisticated blend of cultural tradition and financial technology advancement.,Emirates NBD remains at the forefront of digital banking innovation in MENA. This Eid teaser suggests another sophisticated blend of cultural tradition and financial technology advancement.,Cust,Positive
2052992363598164059,https://x.com/AsliAfnas/status/2052992363598164059,https://x.com/AsliAfnas,AsliAfnas,Afnas Mohammed,https://pbs.twimg.com/profile_images/798233988024274944/Cwty_Xp__bigger.jpg,,"@paywithtabby @EmiratesNBD_AE - i don’t want to freeze my tabby card, i want to cancel my card, it’s been 12 days since my request.","<a href=""/paywithtabby"" title=""Tabby | تابي"">@paywithtabby</a> <a href=""/EmiratesNBD_AE"" title=""Emirates NBD"">@EmiratesNBD_AE</a> - i don’t want to freeze my tabby card, i want to cancel my card, it’s been 12 days since my request.",False,,['asktabby'],22h,"May 9, 2026 · 6:01 AM UTC",2026-05-09T06:01:00Z,,"['https://x.com/paywithtabby', 'https://x.com/EmiratesNBD_AE']",0,0,0,12,ENBD,"@paywithtabby @EmiratesNBD_AE - i don’t want to freeze my tabby card, i want to cancel my card, it’s been 12 days since my request.",,,"@paywithtabby @EmiratesNBD_AE - i don’t want to freeze my tabby card, i want to cancel my card, it’s been 12 days since my request.","I don't want to freeze my Tabby card, I want to cancel my card; it's been 12 days since my request.",Cust,Negative
2052965788030779743,https://x.com/Rashtra_TV/status/2052965788030779743,https://x.com/Rashtra_TV,Rashtra_TV,Rashtra TV,https://pbs.twimg.com/profile_images/1933842156307042307/j8vlsSSv_bigger.png,,"Goa : CM Dr. Pramod Sawant met R. Subramaniakumar, MD & CEO of RBL Bank, and discussed banking, economic growth, and the Bank’s role in strengthening India’s financial ecosystem.
The meeting also highlighted the landmark ₹26,850 crore FDI investment from Emirates NBD into RBL Bank, along with CSR initiatives like the ‘UMEED’ cycle distribution programme supporting students across states. Best wishes conveyed for their continued contribution towards a #ViksitBharat.

#Goa #RBLBank #ViksitBharat #EconomicGrowth #CSR","Goa : CM Dr. Pramod Sawant met R. Subramaniakumar, MD &amp; CEO of RBL Bank, and discussed banking, economic growth, and the Bank’s role in strengthening India’s financial ecosystem.
The meeting also highlighted the landmark ₹26,850 crore FDI investment from Emirates NBD into RBL Bank, along with CSR initiatives like the ‘UMEED’ cycle distribution programme supporting students across states. Best wishes conveyed for their continued contribution towards a <a href=""/search?f=tweets&amp;q=%23ViksitBharat"">#ViksitBharat</a>.

<a href=""/search?f=tweets&amp;q=%23Goa"">#Goa</a> <a href=""/search?f=tweets&amp;q=%23RBLBank"">#RBLBank</a> <a href=""/search?f=tweets&amp;q=%23ViksitBharat"">#ViksitBharat</a> <a href=""/search?f=tweets&amp;q=%23EconomicGrowth"">#EconomicGrowth</a> <a href=""/search?f=tweets&amp;q=%23CSR"">#CSR</a>",False,,,23h,"May 9, 2026 · 4:16 AM UTC",2026-05-09T04:16:00Z,,"['https://x.com/search?f=tweets&q=%23ViksitBharat', 'https://x.com/search?f=tweets&q=%23Goa', 'https://x.com/search?f=tweets&q=%23RBLBank', 'https://x.com/search?f=tweets&q=%23ViksitBharat', 'https://x.com/search?f=tweets&q=%23EconomicGrowth', 'https://x.com/search?f=tweets&q=%23CSR']",0,0,0,36,ENBD,"Goa : CM Dr. Pramod Sawant met R. Subramaniakumar, MD & CEO of RBL Bank, and discussed banking, economic growth, and the Bank’s role in strengthening India’s financial ecosystem.
The meeting also highlighted the landmark ₹26,850 crore FDI investment from Emirates NBD into RBL Bank, along with CSR initiatives like the ‘UMEED’ cycle distribution programme supporting students across states. Best wishes conveyed for their continued contribution towards a #ViksitBharat.

#Goa #RBLBank #ViksitBharat #EconomicGrowth #CSR",,,"Goa : CM Dr. Pramod Sawant met R. Subramaniakumar, MD & CEO of RBL Bank, and discussed banking, economic growth, and the Bank’s role in strengthening India’s financial ecosystem.
The meeting also highlighted the landmark ₹26,850 crore FDI investment from Emirates NBD into RBL Bank, along with CSR initiatives like the ‘UMEED’ cycle distribution programme supporting students across states. Best wishes conveyed for their continued contribution towards a #ViksitBharat.

#Goa #RBLBank #ViksitBharat #EconomicGrowth #CSR","Goa: CM Dr. Pramod Sawant met R. Subramaniakumar, MD & CEO of RBL Bank, and discussed banking, economic growth, and the Bank’s role in strengthening India’s financial ecosystem. The meeting also highlighted the landmark ₹26,850 crore FDI investment from Emirates NBD into RBL Bank, along with CSR initiatives like the ‘UMEED’ cycle distribution programme supporting students across states. Best wishes were conveyed for their continued contribution towards a #ViksitBharat.",Cust,Positive
2052925380936491470,https://x.com/jurian777/status/2052925380936491470,https://x.com/jurian777,jurian777,齋藤純 Jun Saito,https://pbs.twimg.com/profile_images/2052150684968218625/9AJu83Hb_bigger.jpg,,【企業統治】現時点でざっと整理すると、ENBD・NBAD/FAB・UNB→ Abu Dhabi/Dubaiの国家・王族埋め込み型（Royal + State-Elite）。ADIB→ Islamic bankだが、王族色は相対的に弱く、独立取締役比率が高い。Mashreqbank→ 圧倒的なBusiness_Family dominance型。,【企業統治】現時点でざっと整理すると、ENBD・NBAD/FAB・UNB→ Abu Dhabi/Dubaiの国家・王族埋め込み型（Royal + State-Elite）。ADIB→ Islamic bankだが、王族色は相対的に弱く、独立取締役比率が高い。Mashreqbank→ 圧倒的なBusiness_Family dominance型。,False,,,May 9,"May 9, 2026 · 1:35 AM UTC",2026-05-09T01:35:00Z,,,0,0,0,108,ENBD,【企業統治】現時点でざっと整理すると、ENBD・NBAD/FAB・UNB→ Abu Dhabi/Dubaiの国家・王族埋め込み型（Royal + State-Elite）。ADIB→ Islamic bankだが、王族色は相対的に弱く、独立取締役比率が高い。Mashreqbank→ 圧倒的なBusiness_Family dominance型。,,,【企業統治】現時点でざっと整理すると、ENBD・NBAD/FAB・UNB→ Abu Dhabi/Dubaiの国家・王族埋め込み型（Royal + State-Elite）。ADIB→ Islamic bankだが、王族色は相対的に弱く、独立取締役比率が高い。Mashreqbank→ 圧倒的なBusiness_Family dominance型。,"Corporate governance: To summarize at this point, ENBD, NBAD/FAB, and UNB are embedded with the state and royal family in Abu Dhabi/Dubai (Royal + State-Elite). ADIB is an Islamic bank, but its ties to the royal family are relatively weak, and it has a high ratio of independent directors. Mashreqbank is overwhelmingly dominated by business families.",Cust,Neutral
2053262874999415084,https://x.com/W42RW/status/2053262874999415084,https://x.com/W42RW,W42RW,Saud Alanazi,https://pbs.twimg.com/profile_images/1899657357107326976/82dbkH1B_bigger.jpg,,"@emiratesislamic 
السلام عليكم ممكن تردون خاص","<a href=""/emiratesislamic"" title=""emiratesislamic"">@emiratesislamic</a> 
السلام عليكم ممكن تردون خاص",False,,,4h,"May 9, 2026 · 11:56 PM UTC",2026-05-09T23:56:00Z,,['https://x.com/emiratesislamic'],0,0,0,1,EI,"@emiratesislamic 
السلام عليكم ممكن تردون خاص",,,"@emiratesislamic 
السلام عليكم ممكن تردون خاص",Peace be upon you. Can you please respond privately?,Cust,Neutral
2053194406094946347,https://x.com/aashiash/status/2053194406094946347,https://x.com/aashiash,aashiash,Aashi Ash,https://pbs.twimg.com/profile_images/1653174950793035777/wO4_OnRb_bigger.jpg,,I am unable to login into my EI app. The app demands biometric signin when its not been setup.. and I cant set it up because i CANT login!!!,I am unable to login into my EI app. The app demands biometric signin when its not been setup.. and I cant set it up because i CANT login!!!,False,,['emiratesislamic'],8h,"May 9, 2026 · 7:24 PM UTC",2026-05-09T19:24:00Z,,,0,0,0,5,EI,I am unable to login into my EI app. The app demands biometric signin when its not been setup.. and I cant set it up because i CANT login!!!,,,I am unable to login into my EI app. The app demands biometric signin when its not been setup.. and I cant set it up because i CANT login!!!,"I am unable to log into my EI app. The app requires biometric sign-in when it hasn't been set up, and I can't set it up because I can't log in!",Cust,Negative
2053052362344808541,https://x.com/emiratesislamic/status/2053052362344808541,https://x.com/emiratesislamic,emiratesislamic,emiratesislamic,https://pbs.twimg.com/profile_images/1526452318874619904/yJhExjro_bigger.jpg,,"Take your business further with tailored banking. Emirates Islamic Business Premium package offers bundled transactional benefits, competitive profit rates on financing, and convenient digital channels.

emiratesislamic.ae/en/busine…","Take your business further with tailored banking. Emirates Islamic Business Premium package offers bundled transactional benefits, competitive profit rates on financing, and convenient digital channels.

<a href=""https://www.emiratesislamic.ae/en/business-banking/banking-packages/business-premium"">emiratesislamic.ae/en/busine…</a>",False,,,18h,"May 9, 2026 · 10:00 AM UTC",2026-05-09T10:00:00Z,,['https://www.emiratesislamic.ae/en/business-banking/banking-packages/business-premium'],0,0,1,143,EI,"Take your business further with tailored banking. Emirates Islamic Business Premium package offers bundled transactional benefits, competitive profit rates on financing, and convenient digital channels.

emiratesislamic.ae/en/busine…",,,"Take your business further with tailored banking. Emirates Islamic Business Premium package offers bundled transactional benefits, competitive profit rates on financing, and convenient digital channels.

emiratesislamic.ae/en/busine…","Take your business further with tailored banking. The Emirates Islamic Business Premium package offers bundled transactional benefits, competitive profit rates on financing, and convenient digital channels.",Bank,Positive
2053029141390258649,https://x.com/abbarsy/status/2053029141390258649,https://x.com/abbarsy,abbarsy,Ɓingel 🇳🇬 𞤀𞤦𞥆𞤢𞥄𞤧,https://pbs.twimg.com/profile_images/1482834059621552136/QBo9aH1G_bigger.jpg,,"But dat analogy doesnt really fit wat happened in hausaland. d Sokkoto Caliphate dint simply ‘replace the manager’ while leaving everything untouched. d ruling structure changed from largely independent hausa kingdoms in2 a caliphal system tied 2gada through emirates, Islamic","But dat analogy doesnt really fit wat happened in hausaland. d Sokkoto Caliphate dint simply ‘replace the manager’ while leaving everything untouched. d ruling structure changed from largely independent hausa kingdoms in2 a caliphal system tied 2gada through emirates, Islamic",False,,"['Jajjage', 'abbarsy']",19h,"May 9, 2026 · 8:27 AM UTC",2026-05-09T08:27:00Z,,,1,0,0,28,EI,"But dat analogy doesnt really fit wat happened in hausaland. d Sokkoto Caliphate dint simply ‘replace the manager’ while leaving everything untouched. d ruling structure changed from largely independent hausa kingdoms in2 a caliphal system tied 2gada through emirates, Islamic",,,"But dat analogy doesnt really fit wat happened in hausaland. d Sokkoto Caliphate dint simply ‘replace the manager’ while leaving everything untouched. d ruling structure changed from largely independent hausa kingdoms in2 a caliphal system tied 2gada through emirates, Islamic","But that analogy doesn't really fit what happened in Hausaland. The Sokoto Caliphate didn't simply 'replace the manager' while leaving everything untouched. The ruling structure changed from largely independent Hausa kingdoms into a caliphal system tied together through emirates, Islamic.",Cust,Neutral
2053022168665993266,https://x.com/emiratesislamic/status/2053022168665993266,https://x.com/emiratesislamic,emiratesislamic,emiratesislamic,https://pbs.twimg.com/profile_images/1526452318874619904/yJhExjro_bigger.jpg,,"Drive home your dream car with Emirates Islamic Auto Finance!
📊 Attractive profit rates starting from 1.89% flat p.a. (equivalent to 3.61% reducing profit rate p.a.)
💳 0% Easy Payment Plan on Emirates Islamic Credit Card spends at select auto dealerships","Drive home your dream car with Emirates Islamic Auto Finance!
📊 Attractive profit rates starting from 1.89% flat p.a. (equivalent to 3.61% reducing profit rate p.a.)
💳 0% Easy Payment Plan on Emirates Islamic Credit Card spends at select auto dealerships",False,,,20h,"May 9, 2026 · 8:00 AM UTC",2026-05-09T08:00:00Z,,,1,0,1,76,EI,"Drive home your dream car with Emirates Islamic Auto Finance!
📊 Attractive profit rates starting from 1.89% flat p.a. (equivalent to 3.61% reducing profit rate p.a.)
💳 0% Easy Payment Plan on Emirates Islamic Credit Card spends at select auto dealerships",,,"Drive home your dream car with Emirates Islamic Auto Finance!
📊 Attractive profit rates starting from 1.89% flat p.a. (equivalent to 3.61% reducing profit rate p.a.)
💳 0% Easy Payment Plan on Emirates Islamic Credit Card spends at select auto dealerships",Drive home your dream car with Emirates Islamic Auto Finance! Attractive profit rates starting from 1.89% flat per annum (equivalent to 3.61% reducing profit rate per annum). 0% Easy Payment Plan on Emirates Islamic Credit Card spends at select auto dealerships.,Bank,Positive
2053052358729376236,https://x.com/emiratesislamic/status/2053052358729376236,https://x.com/emiratesislamic,emiratesislamic,emiratesislamic,https://pbs.twimg.com/profile_images/1526452318874619904/yJhExjro_bigger.jpg,,"ادفع أعمالك إلى مستوى أعلى مع خدمات مصرفية مصممة لك. توفّر لك الباقة المميزة للأعمال من الإمارات الإسلامي مزايا مجمعة للمعاملات، وأسعار ربح تنافسية على حلول التمويل، وقنوات رقمية مريحة لتتفرغ لنمو عملك بدلاً من الأعمال الإدارية.

emiratesislamic.ae/ar/busine…","ادفع أعمالك إلى مستوى أعلى مع خدمات مصرفية مصممة لك. توفّر لك الباقة المميزة للأعمال من الإمارات الإسلامي مزايا مجمعة للمعاملات، وأسعار ربح تنافسية على حلول التمويل، وقنوات رقمية مريحة لتتفرغ لنمو عملك بدلاً من الأعمال الإدارية.

<a href=""https://www.emiratesislamic.ae/ar/business-banking/banking-packages/business-premium"">emiratesislamic.ae/ar/busine…</a>",False,,,18h,"May 9, 2026 · 10:00 AM UTC",2026-05-09T10:00:00Z,,['https://www.emiratesislamic.ae/ar/business-banking/banking-packages/business-premium'],2,0,4,197,EI,"ادفع أعمالك إلى مستوى أعلى مع خدمات مصرفية مصممة لك. توفّر لك الباقة المميزة للأعمال من الإمارات الإسلامي مزايا مجمعة للمعاملات، وأسعار ربح تنافسية على حلول التمويل، وقنوات رقمية مريحة لتتفرغ لنمو عملك بدلاً من الأعمال الإدارية.

emiratesislamic.ae/ar/busine…",,,"ادفع أعمالك إلى مستوى أعلى مع خدمات مصرفية مصممة لك. توفّر لك الباقة المميزة للأعمال من الإمارات الإسلامي مزايا مجمعة للمعاملات، وأسعار ربح تنافسية على حلول التمويل، وقنوات رقمية مريحة لتتفرغ لنمو عملك بدلاً من الأعمال الإدارية.

emiratesislamic.ae/ar/busine…","Elevate your business to the next level with banking services designed for you. The premium business package from Emirates Islamic offers you bundled transaction benefits, competitive profit rates on financing solutions, and convenient digital channels so you can focus on growing your business instead of administrative tasks.",Bank,Positive
2053022170373083445,https://x.com/emiratesislamic/status/2053022170373083445,https://x.com/emiratesislamic,emiratesislamic,emiratesislamic,https://pbs.twimg.com/profile_images/1526452318874619904/yJhExjro_bigger.jpg,,"📅Offer valid till 31 May 2026.
Terms & Conditions apply.

emiratesislamic.ae/en/offers…","📅Offer valid till 31 May 2026.
Terms &amp; Conditions apply.

<a href=""https://www.emiratesislamic.ae/en/offers/auto-finance-offer?utm_source=organic-twitter&amp;utm_medium=social&amp;utm_campaign=auto_finance"">emiratesislamic.ae/en/offers…</a>",False,,,20h,"May 9, 2026 · 8:00 AM UTC",2026-05-09T08:00:00Z,,['https://www.emiratesislamic.ae/en/offers/auto-finance-offer?utm_source=organic-twitter&utm_medium=social&utm_campaign=auto_finance'],0,0,1,59,EI,"📅Offer valid till 31 May 2026.
Terms & Conditions apply.

emiratesislamic.ae/en/offers…",,,"📅Offer valid till 31 May 2026.
Terms & Conditions apply.

emiratesislamic.ae/en/offers…","Offer valid until May 31, 2026. Terms and conditions apply.",Bank,Neutral
2053022164979216734,https://x.com/emiratesislamic/status/2053022164979216734,https://x.com/emiratesislamic,emiratesislamic,emiratesislamic,https://pbs.twimg.com/profile_images/1526452318874619904/yJhExjro_bigger.jpg,,"📅يسري لغاية 31 مايو 2026.
تطبق الشروط والأحكام.

emiratesislamic.ae/ar/offers…","📅يسري لغاية 31 مايو 2026.
تطبق الشروط والأحكام.

<a href=""https://www.emiratesislamic.ae/ar/offers/auto-finance-offer?utm_source=organic-twitter&amp;utm_medium=social&amp;utm_campaign=auto_finance"">emiratesislamic.ae/ar/offers…</a>",False,,,20h,"May 9, 2026 · 8:00 AM UTC",2026-05-09T08:00:00Z,,['https://www.emiratesislamic.ae/ar/offers/auto-finance-offer?utm_source=organic-twitter&utm_medium=social&utm_campaign=auto_finance'],1,0,0,57,EI,"📅يسري لغاية 31 مايو 2026.
تطبق الشروط والأحكام.

emiratesislamic.ae/ar/offers…",,,"📅يسري لغاية 31 مايو 2026.
تطبق الشروط والأحكام.

emiratesislamic.ae/ar/offers…","Valid until May 31, 2026. Terms and conditions apply.",Bank,Neutral
2053022161426579741,https://x.com/emiratesislamic/status/2053022161426579741,https://x.com/emiratesislamic,emiratesislamic,emiratesislamic,https://pbs.twimg.com/profile_images/1526452318874619904/yJhExjro_bigger.jpg,,"استمتع بقيادة سيارة أحلامك عند الحصول على تمويل السيارات من الإمارات الإسلامي
📊 معدلات ربح مميزة ابتداءً من %1.89 ثابتة سنوياً (ما يعادل %3.61 كمعدل ربح متناقص سنوياً)
💳 برنامج الدفع الميسر %0 على مشتريات بطاقة الإمارات الإسلامي الائتمانية لدى وكلاء السيارات","استمتع بقيادة سيارة أحلامك عند الحصول على تمويل السيارات من الإمارات الإسلامي
📊 معدلات ربح مميزة ابتداءً من %1.89 ثابتة سنوياً (ما يعادل %3.61 كمعدل ربح متناقص سنوياً)
💳 برنامج الدفع الميسر %0 على مشتريات بطاقة الإمارات الإسلامي الائتمانية لدى وكلاء السيارات",False,,,20h,"May 9, 2026 · 8:00 AM UTC",2026-05-09T08:00:00Z,,,2,0,2,140,EI,"استمتع بقيادة سيارة أحلامك عند الحصول على تمويل السيارات من الإمارات الإسلامي
📊 معدلات ربح مميزة ابتداءً من %1.89 ثابتة سنوياً (ما يعادل %3.61 كمعدل ربح متناقص سنوياً)
💳 برنامج الدفع الميسر %0 على مشتريات بطاقة الإمارات الإسلامي الائتمانية لدى وكلاء السيارات",,,"استمتع بقيادة سيارة أحلامك عند الحصول على تمويل السيارات من الإمارات الإسلامي
📊 معدلات ربح مميزة ابتداءً من %1.89 ثابتة سنوياً (ما يعادل %3.61 كمعدل ربح متناقص سنوياً)
💳 برنامج الدفع الميسر %0 على مشتريات بطاقة الإمارات الإسلامي الائتمانية لدى وكلاء السيارات","Enjoy driving your dream car with car financing from Emirates Islamic.  
📊 Special profit rates starting from 1.89% fixed annually (equivalent to 3.61% as a declining annual profit rate)  
💳 Easy payment program 0% on purchases made with the Emirates Islamic credit card at car dealers.",Bank,Positive
