id,permalink,userUrl,username,fullname,avatar,verified,text,html,isRetweet,retweetedBy,replyingTo,relativeTime,displayTime,createdAt,images,links,comments,retweets,likes,Views,bank_ext,text_1,postUrl,replyText,text_v1
2056198149912588683,https://x.com/BajajBroking/status/2056198149912588683,https://x.com/BajajBroking,BajajBroking,Bajaj Broking,https://pbs.twimg.com/profile_images/1984560389116583936/0CJ12RcB_bigger.jpg,,"RBL Bank Clears Key Approval Milestone
RBL Bank is in focus after completing the regulatory and government approval process for Emirates NBD Bank’s proposed strategic investment. Emirates NBD has received Ministry of Finance approval to acquire more than 49% and up to 74% stake in RBL Bank.
Source: NSE, 15 May
#RBLBank #EmiratesNBD #MarketUpdate","RBL Bank Clears Key Approval Milestone
RBL Bank is in focus after completing the regulatory and government approval process for Emirates NBD Bank’s proposed strategic investment. Emirates NBD has received Ministry of Finance approval to acquire more than 49% and up to 74% stake in RBL Bank.
Source: NSE, 15 May
<a href=""/search?f=tweets&amp;q=%23RBLBank"">#RBLBank</a> <a href=""/search?f=tweets&amp;q=%23EmiratesNBD"">#EmiratesNBD</a> <a href=""/search?f=tweets&amp;q=%23MarketUpdate"">#MarketUpdate</a>",False,,,1h,"May 18, 2026 · 2:20 AM UTC",2026-05-18T02:20:00Z,,"['https://x.com/search?f=tweets&q=%23RBLBank', 'https://x.com/search?f=tweets&q=%23EmiratesNBD', 'https://x.com/search?f=tweets&q=%23MarketUpdate']",1,0,3,80,ENBD,"RBL Bank Clears Key Approval Milestone
RBL Bank is in focus after completing the regulatory and government approval process for Emirates NBD Bank’s proposed strategic investment. Emirates NBD has received Ministry of Finance approval to acquire more than 49% and up to 74% stake in RBL Bank.
Source: NSE, 15 May
#RBLBank #EmiratesNBD #MarketUpdate",https://x.com/BajajBroking/status/2056198149912588683,"RBL Bank Clears Key Approval Milestone
RBL Bank is in focus after completing the regulatory and government approval process for Emirates NBD Bank’s proposed strategic investment. Emirates NBD has received Ministry of Finance approval to acquire more than 49% and up to 74% stake in RBL Bank.
Source: NSE, 15 May
#RBLBank #EmiratesNBD #MarketUpdate","RBL Bank Clears Key Approval Milestone
RBL Bank is in focus after completing the regulatory and government approval process for Emirates NBD Bank’s proposed strategic investment. Emirates NBD has received Ministry of Finance approval to acquire more than 49% and up to 74% stake in RBL Bank.
Source: NSE, 15 May
#RBLBank #EmiratesNBD #MarketUpdate"
2056194526763524518,https://x.com/Bullsmartapp/status/2056194526763524518,https://x.com/Bullsmartapp,Bullsmartapp,Bullsmart,https://pbs.twimg.com/profile_images/1995758338618130433/4Iq1d7Ax_bigger.jpg,,"🌟 Top Stocks in News | Mon, 18 May 2026 🌟

✦ Hindustan Copper
✦ Power Grid Corporation
✦ Signature Global
✦ RBL Bank
✦ NBCC (India)
✦ UNO Minda
✦ WPIL
✦ SAIL
✦ Godfrey Phillips India

Key corporate updates & market developments today!
Thread 👇
#StocksToWatch #NSE #BSE #Bullsmart #IndianStockMarket","🏦 RBL Bank
Emirates NBD received government approval to raise stake up to 74% and merge India operations
<a href=""/search?f=tweets&amp;q=%23RBLBank"">#RBLBank</a> <a href=""/search?f=tweets&amp;q=%23Stocks"">#Stocks</a> <a href=""/search?f=tweets&amp;q=%23NSE"">#NSE</a> <a href=""/search?f=tweets&amp;q=%23BSE"">#BSE</a> <a href=""/search?f=tweets&amp;q=%23Bullsmart"">#Bullsmart</a> <a href=""/search?f=tweets&amp;q=%23IndianStockMarket"">#IndianStockMarket</a>",False,,,1h,"May 18, 2026 · 2:05 AM UTC",2026-05-18T02:05:00Z,,"['https://x.com/search?f=tweets&q=%23RBLBank', 'https://x.com/search?f=tweets&q=%23Stocks', 'https://x.com/search?f=tweets&q=%23NSE', 'https://x.com/search?f=tweets&q=%23BSE', 'https://x.com/search?f=tweets&q=%23Bullsmart', 'https://x.com/search?f=tweets&q=%23IndianStockMarket']",1,0,0,50,ENBD,"🏦 RBL Bank
Emirates NBD received government approval to raise stake up to 74% and merge India operations
#RBLBank #Stocks #NSE #BSE #Bullsmart #IndianStockMarket",https://x.com/Bullsmartapp/status/2056194526763524518,"🌟 Top Stocks in News | Mon, 18 May 2026 🌟

✦ Hindustan Copper
✦ Power Grid Corporation
✦ Signature Global
✦ RBL Bank
✦ NBCC (India)
✦ UNO Minda
✦ WPIL
✦ SAIL
✦ Godfrey Phillips India

Key corporate updates & market developments today!
Thread 👇
#StocksToWatch #NSE #BSE #Bullsmart #IndianStockMarket","🌟 Top Stocks in News | Mon, 18 May 2026 🌟

✦ Hindustan Copper
✦ Power Grid Corporation
✦ Signature Global
✦ RBL Bank
✦ NBCC (India)
✦ UNO Minda
✦ WPIL
✦ SAIL
✦ Godfrey Phillips India

Key corporate updates & market developments today!
Thread 👇
#StocksToWatch #NSE #BSE #Bullsmart #IndianStockMarket"
2056190626648195350,https://x.com/plus_trades/status/2056190626648195350,https://x.com/plus_trades,plus_trades,Plus,https://pbs.twimg.com/profile_images/1689678766598168576/2ZtJsqlU_bigger.jpg,,"Keep a watch on Genus Power Infra 
📈Chart looks interesting👇
 
Disc: for study, not a recommendation

✅ follow
@plus_trades

📷join our free Telegram channel for daily stock updates, breakout ideas, and the latest crypto news! https://t.co/MvHQXBTFDe https://t.co/6VHAvmU0wu","Stocks to Watch – 18 May 2026

🏦 RBL Bank
Received all key regulatory approvals for Emirates NBD to acquire a 51%–74% stake via preferential issue at ₹280/share. Emirates NBD to invest around ₹26,850 crore and become promoter of the bank.

💧 WPIL
Its African arm secured a major water works project in South Africa valued at ₹4,405 crore, with WPIL’s share estimated at ₹1,173 crore.

🧪 Tatva Chintan Pharma Chem – Q4FY26 Update
• Net profit stood at ₹10.3 crore vs ₹1 crore YoY
• Revenue grew 24.4% to ₹134 crore
• EBITDA jumped to ₹28.1 crore vs ₹8.9 crore
• EBITDA margin expanded sharply to 20.9% vs 8.3%

🏨 ITC Hotels
Acquired a 100% stake in Zuri Hotels and Resorts for an enterprise value of ₹205 crore.

✈️ InterGlobe Aviation (IndiGo)
Delhi government reduced VAT on ATF from 25% to 7% for six months, providing relief to airline operators.

🔄 Mangalam Worldwide
Board approved a 1:10 stock split.

✅ follow
<a href=""/plus_trades"" title=""Plus"">@plus_trades</a>

📷join our free Telegram channel for daily stock updates, breakout ideas, and the latest crypto news! <a href=""http://t.me/plusstocks"">t.me/plusstocks</a>",False,,,2h,"May 18, 2026 · 1:50 AM UTC",2026-05-18T01:50:00Z,,"['https://x.com/plus_trades', 'http://t.me/plusstocks']",0,1,3,571,ENBD,"Stocks to Watch – 18 May 2026

🏦 RBL Bank
Received all key regulatory approvals for Emirates NBD to acquire a 51%–74% stake via preferential issue at ₹280/share. Emirates NBD to invest around ₹26,850 crore and become promoter of the bank.

💧 WPIL
Its African arm secured a major water works project in South Africa valued at ₹4,405 crore, with WPIL’s share estimated at ₹1,173 crore.

🧪 Tatva Chintan Pharma Chem – Q4FY26 Update
• Net profit stood at ₹10.3 crore vs ₹1 crore YoY
• Revenue grew 24.4% to ₹134 crore
• EBITDA jumped to ₹28.1 crore vs ₹8.9 crore
• EBITDA margin expanded sharply to 20.9% vs 8.3%

🏨 ITC Hotels
Acquired a 100% stake in Zuri Hotels and Resorts for an enterprise value of ₹205 crore.

✈️ InterGlobe Aviation (IndiGo)
Delhi government reduced VAT on ATF from 25% to 7% for six months, providing relief to airline operators.

🔄 Mangalam Worldwide
Board approved a 1:10 stock split.

✅ follow
@plus_trades

📷join our free Telegram channel for daily stock updates, breakout ideas, and the latest crypto news! t.me/plusstocks",https://x.com/plus_trades/status/2056190626648195350,"Keep a watch on Genus Power Infra 
📈Chart looks interesting👇
 
Disc: for study, not a recommendation

✅ follow
@plus_trades

📷join our free Telegram channel for daily stock updates, breakout ideas, and the latest crypto news! https://t.co/MvHQXBTFDe https://t.co/6VHAvmU0wu","Keep a watch on Genus Power Infra 
📈Chart looks interesting👇
 
Disc: for study, not a recommendation

✅ follow
@plus_trades

📷join our free Telegram channel for daily stock updates, breakout ideas, and the latest crypto news! https://t.co/MvHQXBTFDe https://t.co/6VHAvmU0wu"
2056180488843509981,https://x.com/bizzflashindia/status/2056180488843509981,https://x.com/bizzflashindia,bizzflashindia,BizzFlash ⚡️,https://pbs.twimg.com/profile_images/2009203222142160896/UFHCQnrL_bigger.jpg,,"Stocks to Watch Today (18 May)

🔥 Market Focus

🏦 Banking & Financials Theme Strong

RBL Bank

Regulatory approvals completed for Emirates NBD strategic investment
Major institutional confidence signal

Power Grid Corporation

PSU utility + infrastructure capex story remains active
Defensive buying likely to continue in volatile markets
   
Coal India

Dividend and PSU momentum theme still intact
Coal and energy names remain defensive bets amid global uncertainty

⸻

🏗️ Metals & Industrial Theme Active

Tata Steel

Metal sector sentiment remains strong after recent earnings momentum
Traders watching global commodity trend closely
   
HFCL

Telecom infra and optical fiber theme remains strong
BharatNet and export pipeline keep sentiment positive

⸻

💊 Pharma Watch

Aurobindo Pharma

US business and regulatory developments remain key triggers
Pharma sector continues stock-specific moves

Emcure Pharmaceuticals

Traders watching margin trend and growth commentary
Midcap pharma sentiment remains selective

⸻

🏨 Consumption & Hospitality

ITC Hotels

Hospitality demand cycle remains strong
Premium travel and occupancy trends supporting sector
    👉 Hotel stocks continue to attract momentum flows.

Godfrey Phillips

Cigarette stocks remain strong defensive plays
Pricing power and margin resilience remain key positives
    👉 FMCG defensive basket still active.

⸻

#StocksToWatch #StockMarket #Nifty50 #Sensex #DalalStreet #IndianMarkets #Trading #Investing #EarningsSeason #JSWSteel #TataSteel #RBLBank #PowerGrid #CoalIndia #HFCL #PharmaStocks #PSUStocks #MorningChai","Stocks to Watch Today (18 May)

🔥 Market Focus

🏦 Banking &amp; Financials Theme Strong

RBL Bank

Regulatory approvals completed for Emirates NBD strategic investment
Major institutional confidence signal

Power Grid Corporation

PSU utility + infrastructure capex story remains active
Defensive buying likely to continue in volatile markets
   
Coal India

Dividend and PSU momentum theme still intact
Coal and energy names remain defensive bets amid global uncertainty

⸻

🏗️ Metals &amp; Industrial Theme Active

Tata Steel

Metal sector sentiment remains strong after recent earnings momentum
Traders watching global commodity trend closely
   
HFCL

Telecom infra and optical fiber theme remains strong
BharatNet and export pipeline keep sentiment positive

⸻

💊 Pharma Watch

Aurobindo Pharma

US business and regulatory developments remain key triggers
Pharma sector continues stock-specific moves

Emcure Pharmaceuticals

Traders watching margin trend and growth commentary
Midcap pharma sentiment remains selective

⸻

🏨 Consumption &amp; Hospitality

ITC Hotels

Hospitality demand cycle remains strong
Premium travel and occupancy trends supporting sector
    👉 Hotel stocks continue to attract momentum flows.

Godfrey Phillips

Cigarette stocks remain strong defensive plays
Pricing power and margin resilience remain key positives
    👉 FMCG defensive basket still active.

⸻

<a href=""/search?f=tweets&amp;q=%23StocksToWatch"">#StocksToWatch</a> <a href=""/search?f=tweets&amp;q=%23StockMarket"">#StockMarket</a> <a href=""/search?f=tweets&amp;q=%23Nifty50"">#Nifty50</a> <a href=""/search?f=tweets&amp;q=%23Sensex"">#Sensex</a> <a href=""/search?f=tweets&amp;q=%23DalalStreet"">#DalalStreet</a> <a href=""/search?f=tweets&amp;q=%23IndianMarkets"">#IndianMarkets</a> <a href=""/search?f=tweets&amp;q=%23Trading"">#Trading</a> <a href=""/search?f=tweets&amp;q=%23Investing"">#Investing</a> <a href=""/search?f=tweets&amp;q=%23EarningsSeason"">#EarningsSeason</a> <a href=""/search?f=tweets&amp;q=%23JSWSteel"">#JSWSteel</a> <a href=""/search?f=tweets&amp;q=%23TataSteel"">#TataSteel</a> <a href=""/search?f=tweets&amp;q=%23RBLBank"">#RBLBank</a> <a href=""/search?f=tweets&amp;q=%23PowerGrid"">#PowerGrid</a> <a href=""/search?f=tweets&amp;q=%23CoalIndia"">#CoalIndia</a> <a href=""/search?f=tweets&amp;q=%23HFCL"">#HFCL</a> <a href=""/search?f=tweets&amp;q=%23PharmaStocks"">#PharmaStocks</a> <a href=""/search?f=tweets&amp;q=%23PSUStocks"">#PSUStocks</a> <a href=""/search?f=tweets&amp;q=%23MorningChai"">#MorningChai</a>",False,,,2h,"May 18, 2026 · 1:10 AM UTC",2026-05-18T01:10:00Z,,"['https://x.com/search?f=tweets&q=%23StocksToWatch', 'https://x.com/search?f=tweets&q=%23StockMarket', 'https://x.com/search?f=tweets&q=%23Nifty50', 'https://x.com/search?f=tweets&q=%23Sensex', 'https://x.com/search?f=tweets&q=%23DalalStreet', 'https://x.com/search?f=tweets&q=%23IndianMarkets', 'https://x.com/search?f=tweets&q=%23Trading', 'https://x.com/search?f=tweets&q=%23Investing', 'https://x.com/search?f=tweets&q=%23EarningsSeason', 'https://x.com/search?f=tweets&q=%23JSWSteel', 'https://x.com/search?f=tweets&q=%23TataSteel', 'https://x.com/search?f=tweets&q=%23RBLBank', 'https://x.com/search?f=tweets&q=%23PowerGrid', 'https://x.com/search?f=tweets&q=%23CoalIndia', 'https://x.com/search?f=tweets&q=%23HFCL', 'https://x.com/search?f=tweets&q=%23PharmaStocks', 'https://x.com/search?f=tweets&q=%23PSUStocks', 'https://x.com/search?f=tweets&q=%23MorningChai']",0,0,0,44,ENBD,"Stocks to Watch Today (18 May)

🔥 Market Focus

🏦 Banking & Financials Theme Strong

RBL Bank

Regulatory approvals completed for Emirates NBD strategic investment
Major institutional confidence signal

Power Grid Corporation

PSU utility + infrastructure capex story remains active
Defensive buying likely to continue in volatile markets
   
Coal India

Dividend and PSU momentum theme still intact
Coal and energy names remain defensive bets amid global uncertainty

⸻

🏗️ Metals & Industrial Theme Active

Tata Steel

Metal sector sentiment remains strong after recent earnings momentum
Traders watching global commodity trend closely
   
HFCL

Telecom infra and optical fiber theme remains strong
BharatNet and export pipeline keep sentiment positive

⸻

💊 Pharma Watch

Aurobindo Pharma

US business and regulatory developments remain key triggers
Pharma sector continues stock-specific moves

Emcure Pharmaceuticals

Traders watching margin trend and growth commentary
Midcap pharma sentiment remains selective

⸻

🏨 Consumption & Hospitality

ITC Hotels

Hospitality demand cycle remains strong
Premium travel and occupancy trends supporting sector
    👉 Hotel stocks continue to attract momentum flows.

Godfrey Phillips

Cigarette stocks remain strong defensive plays
Pricing power and margin resilience remain key positives
    👉 FMCG defensive basket still active.

⸻

#StocksToWatch #StockMarket #Nifty50 #Sensex #DalalStreet #IndianMarkets #Trading #Investing #EarningsSeason #JSWSteel #TataSteel #RBLBank #PowerGrid #CoalIndia #HFCL #PharmaStocks #PSUStocks #MorningChai",https://x.com/bizzflashindia/status/2056180488843509981,"Stocks to Watch Today (18 May)

🔥 Market Focus

🏦 Banking & Financials Theme Strong

RBL Bank

Regulatory approvals completed for Emirates NBD strategic investment
Major institutional confidence signal

Power Grid Corporation

PSU utility + infrastructure capex story remains active
Defensive buying likely to continue in volatile markets
   
Coal India

Dividend and PSU momentum theme still intact
Coal and energy names remain defensive bets amid global uncertainty

⸻

🏗️ Metals & Industrial Theme Active

Tata Steel

Metal sector sentiment remains strong after recent earnings momentum
Traders watching global commodity trend closely
   
HFCL

Telecom infra and optical fiber theme remains strong
BharatNet and export pipeline keep sentiment positive

⸻

💊 Pharma Watch

Aurobindo Pharma

US business and regulatory developments remain key triggers
Pharma sector continues stock-specific moves

Emcure Pharmaceuticals

Traders watching margin trend and growth commentary
Midcap pharma sentiment remains selective

⸻

🏨 Consumption & Hospitality

ITC Hotels

Hospitality demand cycle remains strong
Premium travel and occupancy trends supporting sector
    👉 Hotel stocks continue to attract momentum flows.

Godfrey Phillips

Cigarette stocks remain strong defensive plays
Pricing power and margin resilience remain key positives
    👉 FMCG defensive basket still active.

⸻

#StocksToWatch #StockMarket #Nifty50 #Sensex #DalalStreet #IndianMarkets #Trading #Investing #EarningsSeason #JSWSteel #TataSteel #RBLBank #PowerGrid #CoalIndia #HFCL #PharmaStocks #PSUStocks #MorningChai","Stocks to Watch Today (18 May)

🔥 Market Focus

🏦 Banking & Financials Theme Strong

RBL Bank

Regulatory approvals completed for Emirates NBD strategic investment
Major institutional confidence signal

Power Grid Corporation

PSU utility + infrastructure capex story remains active
Defensive buying likely to continue in volatile markets
   
Coal India

Dividend and PSU momentum theme still intact
Coal and energy names remain defensive bets amid global uncertainty

⸻

🏗️ Metals & Industrial Theme Active

Tata Steel

Metal sector sentiment remains strong after recent earnings momentum
Traders watching global commodity trend closely
   
HFCL

Telecom infra and optical fiber theme remains strong
BharatNet and export pipeline keep sentiment positive

⸻

💊 Pharma Watch

Aurobindo Pharma

US business and regulatory developments remain key triggers
Pharma sector continues stock-specific moves

Emcure Pharmaceuticals

Traders watching margin trend and growth commentary
Midcap pharma sentiment remains selective

⸻

🏨 Consumption & Hospitality

ITC Hotels

Hospitality demand cycle remains strong
Premium travel and occupancy trends supporting sector
    👉 Hotel stocks continue to attract momentum flows.

Godfrey Phillips

Cigarette stocks remain strong defensive plays
Pricing power and margin resilience remain key positives
    👉 FMCG defensive basket still active.

⸻

#StocksToWatch #StockMarket #Nifty50 #Sensex #DalalStreet #IndianMarkets #Trading #Investing #EarningsSeason #JSWSteel #TataSteel #RBLBank #PowerGrid #CoalIndia #HFCL #PharmaStocks #PSUStocks #MorningChai"
2056093566242320705,https://x.com/ghada_turki2/status/2056093566242320705,https://x.com/ghada_turki2,ghada_turki2,Ghada,https://pbs.twimg.com/profile_images/1276732170221096960/_6p3mSyI_bigger.jpg,,"شاركونا الاغاني اللي حابين تسمعونها في حفل 
صوت مصر #انغام ضمن حفلات #عيد_الاضحى 😍
https://t.co/8d1XjVCg07

⁦@Turki_alalshikh
⁦@Angham
⁦@GEA_SA
⁦@Mabdoarena
⁦@EmiratesNBD_KSA
⁦@Kinzabev
⁦@flowardCo
⁧#حفلات_عيد_الاضحى⁩
#روتانا_لايف⁩ https://t.co/yff99u0W9z",قلبك، هو نفس الشوق، على فكرة، مستحيل,False,,"['RotanaLive', 'Turki_alalshikh', 'Angham', 'GEA_SA', 'Mabdoarena', 'EmiratesNBD_KSA', 'Kinzabev', 'flowardCo']",8h,"May 17, 2026 · 7:24 PM UTC",2026-05-17T19:24:00Z,,,0,0,0,17,ENBD,قلبك، هو نفس الشوق، على فكرة، مستحيل,https://x.com/ghada_turki2/status/2056093566242320705,"شاركونا الاغاني اللي حابين تسمعونها في حفل 
صوت مصر #انغام ضمن حفلات #عيد_الاضحى 😍
https://t.co/8d1XjVCg07

⁦@Turki_alalshikh
⁦@Angham
⁦@GEA_SA
⁦@Mabdoarena
⁦@EmiratesNBD_KSA
⁦@Kinzabev
⁦@flowardCo
⁧#حفلات_عيد_الاضحى⁩
#روتانا_لايف⁩ https://t.co/yff99u0W9z","شاركونا الاغاني اللي حابين تسمعونها في حفل 
صوت مصر #انغام ضمن حفلات #عيد_الاضحى 😍
https://t.co/8d1XjVCg07

⁦@Turki_alalshikh
⁦@Angham
⁦@GEA_SA
⁦@Mabdoarena
⁦@EmiratesNBD_KSA
⁦@Kinzabev
⁦@flowardCo
⁧#حفلات_عيد_الاضحى⁩
#روتانا_لايف⁩ https://t.co/yff99u0W9z"
2056087027376906287,https://x.com/iiAbdalsalam/status/2056087027376906287,https://x.com/iiAbdalsalam,iiAbdalsalam,Abdalsalam,https://pbs.twimg.com/profile_images/2048517494479142912/RuDP2tfx_bigger.jpg,,"@RotanaLive @Turki_alalshikh @Angham @GEA_SA @Mabdoarena @EmiratesNBD_KSA @Kinzabev @flowardCo زيك ما فيش

اسرقني","زيك ما فيش

اسرقني",False,,"['RotanaLive', 'Turki_alalshikh', 'Angham', 'GEA_SA', 'Mabdoarena', 'EmiratesNBD_KSA', 'Kinzabev', 'flowardCo']",9h,"May 17, 2026 · 6:58 PM UTC",2026-05-17T18:58:00Z,,,0,0,0,13,ENBD,"زيك ما فيش

اسرقني",https://x.com/iiAbdalsalam/status/2056087027376906287,"@RotanaLive @Turki_alalshikh @Angham @GEA_SA @Mabdoarena @EmiratesNBD_KSA @Kinzabev @flowardCo زيك ما فيش

اسرقني","@RotanaLive @Turki_alalshikh @Angham @GEA_SA @Mabdoarena @EmiratesNBD_KSA @Kinzabev @flowardCo زيك ما فيش

اسرقني"
2056081461652951540,https://x.com/AmeeraTurki_/status/2056081461652951540,https://x.com/AmeeraTurki_,AmeeraTurki_,Ameera,https://pbs.twimg.com/profile_images/1504873120401920031/GRrzfYb-_bigger.jpg,,@RotanaLive @Turki_alalshikh @Angham @GEA_SA @Mabdoarena @EmiratesNBD_KSA @Kinzabev @flowardCo استنى ايه ، عش قلبي ، مش في بالك ، انت مين,استنى ايه ، عش قلبي ، مش في بالك ، انت مين,False,,"['RotanaLive', 'Turki_alalshikh', 'Angham', 'GEA_SA', 'Mabdoarena', 'EmiratesNBD_KSA', 'Kinzabev', 'flowardCo']",9h,"May 17, 2026 · 6:36 PM UTC",2026-05-17T18:36:00Z,,,0,0,1,22,ENBD,استنى ايه ، عش قلبي ، مش في بالك ، انت مين,https://x.com/AmeeraTurki_/status/2056081461652951540,@RotanaLive @Turki_alalshikh @Angham @GEA_SA @Mabdoarena @EmiratesNBD_KSA @Kinzabev @flowardCo استنى ايه ، عش قلبي ، مش في بالك ، انت مين,@RotanaLive @Turki_alalshikh @Angham @GEA_SA @Mabdoarena @EmiratesNBD_KSA @Kinzabev @flowardCo استنى ايه ، عش قلبي ، مش في بالك ، انت مين
2056052954944373126,https://x.com/viv_chand/status/2056052954944373126,https://x.com/viv_chand,viv_chand,Vivek,https://pbs.twimg.com/profile_images/555068961285758976/A7AU8RZY_bigger.jpeg,,"@EmiratesNBD_AE why do you have automated phone calls to remind ALL card holders of upcoming card payments?  And that too every day for many days? Do you understand how silly, irritating this is for premium clients?  Clearly your cards services don’t understand the basics.",I don’t think you people take this seriously.   The same deflection to emails etc.  if you wanted to fix this you would.,False,,['EmiratesNBD_AE'],11h,"May 17, 2026 · 4:43 PM UTC",2026-05-17T16:43:00Z,,,1,0,0,7,ENBD,I don’t think you people take this seriously.   The same deflection to emails etc.  if you wanted to fix this you would.,https://x.com/viv_chand/status/2056052954944373126,"@EmiratesNBD_AE why do you have automated phone calls to remind ALL card holders of upcoming card payments?  And that too every day for many days? Do you understand how silly, irritating this is for premium clients?  Clearly your cards services don’t understand the basics.","@EmiratesNBD_AE why do you have automated phone calls to remind ALL card holders of upcoming card payments?  And that too every day for many days? Do you understand how silly, irritating this is for premium clients?  Clearly your cards services don’t understand the basics."
2056048653484036214,https://x.com/ebrahim_noof/status/2056048653484036214,https://x.com/ebrahim_noof,ebrahim_noof,noof Ebrahim,https://pbs.twimg.com/profile_images/1749599298654736384/Ur4C2CX-_bigger.jpg,,"إنتوا العيد و العيدية❤️🎶

الحقوا تذاكركم الآن👇😍🔥

🔗 https://t.co/X1Mmi849Ja 🔗

وبنحتفل مع بعض بالعيد مع صوت مصر #انغام ❤️‍🔥

🗓️ 30مايو | الرياض - مسرح محمد عبده أرينا 

@Turki_alalshikh 
@Angham 
@GEA_SA 
@Mabdoarena 
@EmiratesNBD_KSA 
@Kinzabev 
@flowardCo 
#حفلات_عيد_الأضحى
#روتانا_لايف",روتانا طلبتكم وصلو صوتي لصوت مصر خليها تغني فنجان النسيان طلبتكم ♥️♥️بليززززز فنجان النسيااااان,False,,"['RotanaLive', 'Turki_alalshikh', 'Angham', 'GEA_SA', 'Mabdoarena', 'EmiratesNBD_KSA', 'Kinzabev', 'flowardCo']",11h,"May 17, 2026 · 4:26 PM UTC",2026-05-17T16:26:00Z,,,0,0,0,40,ENBD,روتانا طلبتكم وصلو صوتي لصوت مصر خليها تغني فنجان النسيان طلبتكم ♥️♥️بليززززز فنجان النسيااااان,https://x.com/ebrahim_noof/status/2056048653484036214,"إنتوا العيد و العيدية❤️🎶

الحقوا تذاكركم الآن👇😍🔥

🔗 https://t.co/X1Mmi849Ja 🔗

وبنحتفل مع بعض بالعيد مع صوت مصر #انغام ❤️‍🔥

🗓️ 30مايو | الرياض - مسرح محمد عبده أرينا 

@Turki_alalshikh 
@Angham 
@GEA_SA 
@Mabdoarena 
@EmiratesNBD_KSA 
@Kinzabev 
@flowardCo 
#حفلات_عيد_الأضحى
#روتانا_لايف","إنتوا العيد و العيدية❤️🎶

الحقوا تذاكركم الآن👇😍🔥

🔗 https://t.co/X1Mmi849Ja 🔗

وبنحتفل مع بعض بالعيد مع صوت مصر #انغام ❤️‍🔥

🗓️ 30مايو | الرياض - مسرح محمد عبده أرينا 

@Turki_alalshikh 
@Angham 
@GEA_SA 
@Mabdoarena 
@EmiratesNBD_KSA 
@Kinzabev 
@flowardCo 
#حفلات_عيد_الأضحى
#روتانا_لايف"
2056008367286505679,https://x.com/ticketon10/status/2056008367286505679,https://x.com/ticketon10,ticketon10,تذاكر منصة / ماي تيكت,https://pbs.twimg.com/profile_images/2027125904783126528/HlXLtzY3_bigger.jpg,,"إذا للحين ما حجزتوا ..
ترى حفلات صوت مصر ما تتفوّت 👀🔥

🔗https://t.co/8d1XjVBIaz  🔗

🗓️ 30مايو | الرياض - مسرح محمد عبده أرينا 

@Turki_alalshikh 
@Angham 
@GEA_SA 
@Mabdoarena 
@EmiratesNBD_KSA 
@Kinzabev 
@flowardCo 
#أنغام_في_الرياض
#روتانا_لايف https://t.co/2EItGsdsEb","متوفر تذاكر <a href=""/search?f=tweets&amp;q=%23انغام"">#انغام</a> لشراء واتس اب في البايو ❤️",False,,"['RotanaLive', 'Turki_alalshikh', 'Angham', 'GEA_SA', 'Mabdoarena', 'EmiratesNBD_KSA', 'Kinzabev', 'flowardCo']",14h,"May 17, 2026 · 1:46 PM UTC",2026-05-17T13:46:00Z,,['https://x.com/search?f=tweets&q=%23انغام'],0,0,0,171,ENBD,متوفر تذاكر #انغام لشراء واتس اب في البايو ❤️,https://x.com/ticketon10/status/2056008367286505679,"إذا للحين ما حجزتوا ..
ترى حفلات صوت مصر ما تتفوّت 👀🔥

🔗https://t.co/8d1XjVBIaz  🔗

🗓️ 30مايو | الرياض - مسرح محمد عبده أرينا 

@Turki_alalshikh 
@Angham 
@GEA_SA 
@Mabdoarena 
@EmiratesNBD_KSA 
@Kinzabev 
@flowardCo 
#أنغام_في_الرياض
#روتانا_لايف https://t.co/2EItGsdsEb","إذا للحين ما حجزتوا ..
ترى حفلات صوت مصر ما تتفوّت 👀🔥

🔗https://t.co/8d1XjVBIaz  🔗

🗓️ 30مايو | الرياض - مسرح محمد عبده أرينا 

@Turki_alalshikh 
@Angham 
@GEA_SA 
@Mabdoarena 
@EmiratesNBD_KSA 
@Kinzabev 
@flowardCo 
#أنغام_في_الرياض
#روتانا_لايف https://t.co/2EItGsdsEb"
2056008299879797120,https://x.com/ticketon10/status/2056008299879797120,https://x.com/ticketon10,ticketon10,تذاكر منصة / ماي تيكت,https://pbs.twimg.com/profile_images/2027125904783126528/HlXLtzY3_bigger.jpg,,متوفر تذاكر #انغام لشراء واتس اب في البايو ❤️,"متوفر تذاكر <a href=""/search?f=tweets&amp;q=%23انغام"">#انغام</a> لشراء واتس اب في البايو ❤️",False,,"['RotanaLive', 'Turki_alalshikh', 'Angham', 'GEA_SA', 'Mabdoarena', 'EmiratesNBD_KSA', 'Kinzabev', 'flowardCo']",14h,"May 17, 2026 · 1:45 PM UTC",2026-05-17T13:45:00Z,,['https://x.com/search?f=tweets&q=%23انغام'],0,0,0,68,ENBD,متوفر تذاكر #انغام لشراء واتس اب في البايو ❤️,,,متوفر تذاكر #انغام لشراء واتس اب في البايو ❤️
2056005114289115345,https://x.com/wej23x/status/2056005114289115345,https://x.com/wej23x,wej23x,Wejdan,https://pbs.twimg.com/profile_images/2017058407400763394/8ThKYSBh_bigger.jpg,,"(((أشوف نجوم))) بليز (((أشوف نجوم))) ارجوكم (((أشوف نجوم))) 
زيك مافيش 
ياطيب 
القالك حد
جنبك مكاني","(((أشوف نجوم))) بليز (((أشوف نجوم))) ارجوكم (((أشوف نجوم))) 
زيك مافيش 
ياطيب 
القالك حد
جنبك مكاني",False,,"['RotanaLive', 'Turki_alalshikh', 'Angham', 'GEA_SA', 'Mabdoarena', 'EmiratesNBD_KSA', 'Kinzabev', 'flowardCo']",14h,"May 17, 2026 · 1:33 PM UTC",2026-05-17T13:33:00Z,,,0,0,0,39,ENBD,"(((أشوف نجوم))) بليز (((أشوف نجوم))) ارجوكم (((أشوف نجوم))) 
زيك مافيش 
ياطيب 
القالك حد
جنبك مكاني",,,"(((أشوف نجوم))) بليز (((أشوف نجوم))) ارجوكم (((أشوف نجوم))) 
زيك مافيش 
ياطيب 
القالك حد
جنبك مكاني"
2055996811106541977,https://x.com/2qtbo/status/2055996811106541977,https://x.com/2qtbo,2qtbo,رويال تيكت / Royal Ticket,https://pbs.twimg.com/profile_images/1976904356529135616/12H2ya2y_bigger.jpg,,متوفر تذاكر #انغام لشراء واتس اب في البايو ❤️,"متوفر تذاكر <a href=""/search?f=tweets&amp;q=%23انغام"">#انغام</a> لشراء واتس اب في البايو ❤️",False,,"['RotanaLive', 'Turki_alalshikh', 'Angham', 'GEA_SA', 'Mabdoarena', 'EmiratesNBD_KSA', 'Kinzabev', 'flowardCo']",15h,"May 17, 2026 · 1:00 PM UTC",2026-05-17T13:00:00Z,,['https://x.com/search?f=tweets&q=%23انغام'],0,0,0,194,ENBD,متوفر تذاكر #انغام لشراء واتس اب في البايو ❤️,,,متوفر تذاكر #انغام لشراء واتس اب في البايو ❤️
2055989816467009592,https://x.com/omaralmiqdad_/status/2055989816467009592,https://x.com/omaralmiqdad_,omaralmiqdad_,عُمر🏹,https://pbs.twimg.com/profile_images/1555512880690241536/SYJRQKjV_bigger.jpg,,شوفي يا انغام التعليقات كلهم يبون اغانيك الخليجيه وارشيفك الخليجي ركزي معنا @Angham,"شوفي يا انغام التعليقات كلهم يبون اغانيك الخليجيه وارشيفك الخليجي ركزي معنا <a href=""/Angham"" title=""Angham"">@Angham</a>",False,,"['RotanaLive', 'Turki_alalshikh', 'GEA_SA', 'Mabdoarena', 'EmiratesNBD_KSA', 'Kinzabev', 'flowardCo']",15h,"May 17, 2026 · 12:32 PM UTC",2026-05-17T12:32:00Z,,['https://x.com/Angham'],0,0,1,58,ENBD,شوفي يا انغام التعليقات كلهم يبون اغانيك الخليجيه وارشيفك الخليجي ركزي معنا @Angham,,,شوفي يا انغام التعليقات كلهم يبون اغانيك الخليجيه وارشيفك الخليجي ركزي معنا @Angham
2055989545418539240,https://x.com/omaralmiqdad_/status/2055989545418539240,https://x.com/omaralmiqdad_,omaralmiqdad_,عُمر🏹,https://pbs.twimg.com/profile_images/1555512880690241536/SYJRQKjV_bigger.jpg,,روتانا تكفون اغاني الخليجيه وارشيفها الخليجي واغنية الاماكن تكفوووووووووون,روتانا تكفون اغاني الخليجيه وارشيفها الخليجي واغنية الاماكن تكفوووووووووون,False,,"['RotanaLive', 'Turki_alalshikh', 'Angham', 'GEA_SA', 'Mabdoarena', 'EmiratesNBD_KSA', 'Kinzabev', 'flowardCo']",15h,"May 17, 2026 · 12:31 PM UTC",2026-05-17T12:31:00Z,,,0,0,0,45,ENBD,روتانا تكفون اغاني الخليجيه وارشيفها الخليجي واغنية الاماكن تكفوووووووووون,,,روتانا تكفون اغاني الخليجيه وارشيفها الخليجي واغنية الاماكن تكفوووووووووون
2055980117441335616,https://x.com/mukeshsahnews/status/2055980117441335616,https://x.com/mukeshsahnews,mukeshsahnews,Mukesh Sah,https://pbs.twimg.com/profile_images/1751110503899009024/wIU5FmZR_bigger.jpg,,"फिट लग रहा हूं?  MS Dhoni इस उम्र मे भी काफ़ी फिट हैँ लेकिन चेन्नई वालो के साथ इस साल धोखा हुआ हैँ, इनके नाम पर खूब टिकट बिकी लेकिन गुरु एक भी मैच अब तक नहीं खेले! 
Venky Iyer
Liv
YouTube
Emirates NBD
Namping
Money Majlis
Chahal
RCB https://t.co/9mVvPXZ9g9","फिट लग रहा हूं?  MS Dhoni इस उम्र मे भी काफ़ी फिट हैँ लेकिन चेन्नई वालो के साथ इस साल धोखा हुआ हैँ, इनके नाम पर खूब टिकट बिकी लेकिन गुरु एक भी मैच अब तक नहीं खेले! 
Venky Iyer
Liv
YouTube
Emirates NBD
Namping
Money Majlis
Chahal
RCB",False,,,16h,"May 17, 2026 · 11:53 AM UTC",2026-05-17T11:53:00Z,,,0,0,0,105,ENBD,"फिट लग रहा हूं?  MS Dhoni इस उम्र मे भी काफ़ी फिट हैँ लेकिन चेन्नई वालो के साथ इस साल धोखा हुआ हैँ, इनके नाम पर खूब टिकट बिकी लेकिन गुरु एक भी मैच अब तक नहीं खेले! 
Venky Iyer
Liv
YouTube
Emirates NBD
Namping
Money Majlis
Chahal
RCB",https://x.com/mukeshsahnews/status/2055980117441335616,"फिट लग रहा हूं?  MS Dhoni इस उम्र मे भी काफ़ी फिट हैँ लेकिन चेन्नई वालो के साथ इस साल धोखा हुआ हैँ, इनके नाम पर खूब टिकट बिकी लेकिन गुरु एक भी मैच अब तक नहीं खेले! 
Venky Iyer
Liv
YouTube
Emirates NBD
Namping
Money Majlis
Chahal
RCB https://t.co/9mVvPXZ9g9","फिट लग रहा हूं?  MS Dhoni इस उम्र मे भी काफ़ी फिट हैँ लेकिन चेन्नई वालो के साथ इस साल धोखा हुआ हैँ, इनके नाम पर खूब टिकट बिकी लेकिन गुरु एक भी मैच अब तक नहीं खेले! 
Venky Iyer
Liv
YouTube
Emirates NBD
Namping
Money Majlis
Chahal
RCB https://t.co/9mVvPXZ9g9"
2055979592477815073,https://x.com/elissarzkh1/status/2055979592477815073,https://x.com/elissarzkh1,elissarzkh1,أنوجا,https://pbs.twimg.com/profile_images/2053792090253930497/wCY5MklQ_bigger.jpg,,@RotanaLive @RotanaMusic @Turki_alalshikh @Angham @GEA_SA @Mabdoarena @EmiratesNBD_KSA @Kinzabev @flowardCo الا تتفوت,الا تتفوت,False,,"['RotanaLive', 'RotanaMusic', 'Turki_alalshikh', 'Angham', 'GEA_SA', 'Mabdoarena', 'EmiratesNBD_KSA', 'Kinzabev', 'flowardCo']",16h,"May 17, 2026 · 11:51 AM UTC",2026-05-17T11:51:00Z,,,0,0,0,192,ENBD,الا تتفوت,https://x.com/elissarzkh1/status/2055979592477815073,@RotanaLive @RotanaMusic @Turki_alalshikh @Angham @GEA_SA @Mabdoarena @EmiratesNBD_KSA @Kinzabev @flowardCo الا تتفوت,@RotanaLive @RotanaMusic @Turki_alalshikh @Angham @GEA_SA @Mabdoarena @EmiratesNBD_KSA @Kinzabev @flowardCo الا تتفوت
2055976028409905514,https://x.com/nader7sh/status/2055976028409905514,https://x.com/nader7sh,nader7sh,نآدر 🕋🇸🇦,https://pbs.twimg.com/profile_images/1990486692122316800/ixpuANYK_bigger.jpg,,"@RotanaLive @Turki_alalshikh @Angham @GEA_SA @Mabdoarena @EmiratesNBD_KSA @Kinzabev @flowardCo ""ما في مثلك""… كلمات الامير سعود بن عبدالله

https://t.co/7xVNi0WJnW","&#34;ما في مثلك&#34;… كلمات الامير سعود بن عبدالله

<a href=""https://invidious.tiekoetter.com/pxrNiEAbv1k?si=fn8GHw90H6Qwwdu3"">invidious.tiekoetter.com/pxrNiEAbv1k?si=fn8G…</a>",False,,"['RotanaLive', 'Turki_alalshikh', 'Angham', 'GEA_SA', 'Mabdoarena', 'EmiratesNBD_KSA', 'Kinzabev', 'flowardCo']",16h,"May 17, 2026 · 11:37 AM UTC",2026-05-17T11:37:00Z,,['https://invidious.tiekoetter.com/pxrNiEAbv1k?si=fn8GHw90H6Qwwdu3'],0,1,1,148,ENBD,"""ما في مثلك""… كلمات الامير سعود بن عبدالله

invidious.tiekoetter.com/pxrNiEAbv1k?si=fn8G…",https://x.com/nader7sh/status/2055976028409905514,"@RotanaLive @Turki_alalshikh @Angham @GEA_SA @Mabdoarena @EmiratesNBD_KSA @Kinzabev @flowardCo ""ما في مثلك""… كلمات الامير سعود بن عبدالله

https://t.co/7xVNi0WJnW","@RotanaLive @Turki_alalshikh @Angham @GEA_SA @Mabdoarena @EmiratesNBD_KSA @Kinzabev @flowardCo ""ما في مثلك""… كلمات الامير سعود بن عبدالله

https://t.co/7xVNi0WJnW"
2055975252149018685,https://x.com/Divav0tr/status/2055975252149018685,https://x.com/Divav0tr,Divav0tr,Diva,https://pbs.twimg.com/profile_images/2056186486626603008/Edv8NakH_bigger.jpg,,@RotanaLive @Turki_alalshikh @Angham @GEA_SA @Mabdoarena @EmiratesNBD_KSA @Kinzabev @flowardCo عشان شيرين الغت العقد كاتبين صوت مصر؟,ماعندي مشكله مع انغام ونص حسابي اغانيها بس ماحب التحيز الالقاب اي فنانه مصريه لها جمهور كبير تستحق الاسم ام كلثوم اسمهان ليلى مراد شادية نجاه الصغيره فايزه احمد مو هما كمان اقدم! 😘🤍,False,,"['Anghamifan', 'RotanaLive', 'Turki_alalshikh', 'Angham', 'GEA_SA', 'Mabdoarena', 'EmiratesNBD_KSA', 'Kinzabev', 'flowardCo']",16h,"May 17, 2026 · 11:34 AM UTC",2026-05-17T11:34:00Z,,,0,0,0,132,ENBD,ماعندي مشكله مع انغام ونص حسابي اغانيها بس ماحب التحيز الالقاب اي فنانه مصريه لها جمهور كبير تستحق الاسم ام كلثوم اسمهان ليلى مراد شادية نجاه الصغيره فايزه احمد مو هما كمان اقدم! 😘🤍,https://x.com/Divav0tr/status/2055975252149018685,@RotanaLive @Turki_alalshikh @Angham @GEA_SA @Mabdoarena @EmiratesNBD_KSA @Kinzabev @flowardCo عشان شيرين الغت العقد كاتبين صوت مصر؟,@RotanaLive @Turki_alalshikh @Angham @GEA_SA @Mabdoarena @EmiratesNBD_KSA @Kinzabev @flowardCo عشان شيرين الغت العقد كاتبين صوت مصر؟
2055971109246321145,https://x.com/o_nagomah/status/2055971109246321145,https://x.com/o_nagomah,o_nagomah,🪷,https://pbs.twimg.com/profile_images/2034715065761312768/KDVuGhCT_bigger.jpg,,@RotanaLive @Turki_alalshikh @Angham @GEA_SA @Mabdoarena @EmiratesNBD_KSA @Kinzabev @flowardCo اذا بتغني انت مين الان بحجز🤍,اذا بتغني انت مين الان بحجز🤍,False,,"['RotanaLive', 'Turki_alalshikh', 'Angham', 'GEA_SA', 'Mabdoarena', 'EmiratesNBD_KSA', 'Kinzabev', 'flowardCo']",16h,"May 17, 2026 · 11:18 AM UTC",2026-05-17T11:18:00Z,,,0,0,5,287,ENBD,اذا بتغني انت مين الان بحجز🤍,https://x.com/o_nagomah/status/2055971109246321145,@RotanaLive @Turki_alalshikh @Angham @GEA_SA @Mabdoarena @EmiratesNBD_KSA @Kinzabev @flowardCo اذا بتغني انت مين الان بحجز🤍,@RotanaLive @Turki_alalshikh @Angham @GEA_SA @Mabdoarena @EmiratesNBD_KSA @Kinzabev @flowardCo اذا بتغني انت مين الان بحجز🤍
2055969779135959457,https://x.com/mwod17/status/2055969779135959457,https://x.com/mwod17,mwod17,𝐻𝐴𝑀𝑂𝑈𝐷🪽,https://pbs.twimg.com/profile_images/2023866208806641664/vnpSHH2K_bigger.jpg,,@RotanaLive @Turki_alalshikh @Angham @GEA_SA @Mabdoarena @EmiratesNBD_KSA @Kinzabev @flowardCo @RotanaLive لو لو قلت خاطري احضر لأم عمر vib  او اي مكااان تبونه اهم شي تعطوني تذكره احضر به اخر حفله حضرتها لها بالقصيم وقديمه لا تخلوهاااا بخااااطري افعلوهاا ي روتااناا تكفونن خلو العيد عيدين اعتبروها هدية العيد😣😔😔😔,"<a href=""/RotanaLive"" title=""Rotana Live"">@RotanaLive</a> لو لو قلت خاطري احضر لأم عمر vib  او اي مكااان تبونه اهم شي تعطوني تذكره احضر به اخر حفله حضرتها لها بالقصيم وقديمه لا تخلوهاااا بخااااطري افعلوهاا ي روتااناا تكفونن خلو العيد عيدين اعتبروها هدية العيد😣😔😔😔",False,,"['RotanaLive', 'Turki_alalshikh', 'Angham', 'GEA_SA', 'Mabdoarena', 'EmiratesNBD_KSA', 'Kinzabev', 'flowardCo']",16h,"May 17, 2026 · 11:12 AM UTC",2026-05-17T11:12:00Z,,['https://x.com/RotanaLive'],0,0,0,311,ENBD,@RotanaLive لو لو قلت خاطري احضر لأم عمر vib  او اي مكااان تبونه اهم شي تعطوني تذكره احضر به اخر حفله حضرتها لها بالقصيم وقديمه لا تخلوهاااا بخااااطري افعلوهاا ي روتااناا تكفونن خلو العيد عيدين اعتبروها هدية العيد😣😔😔😔,https://x.com/mwod17/status/2055969779135959457,@RotanaLive @Turki_alalshikh @Angham @GEA_SA @Mabdoarena @EmiratesNBD_KSA @Kinzabev @flowardCo @RotanaLive لو لو قلت خاطري احضر لأم عمر vib  او اي مكااان تبونه اهم شي تعطوني تذكره احضر به اخر حفله حضرتها لها بالقصيم وقديمه لا تخلوهاااا بخااااطري افعلوهاا ي روتااناا تكفونن خلو العيد عيدين اعتبروها هدية العيد😣😔😔😔,@RotanaLive @Turki_alalshikh @Angham @GEA_SA @Mabdoarena @EmiratesNBD_KSA @Kinzabev @flowardCo @RotanaLive لو لو قلت خاطري احضر لأم عمر vib  او اي مكااان تبونه اهم شي تعطوني تذكره احضر به اخر حفله حضرتها لها بالقصيم وقديمه لا تخلوهاااا بخااااطري افعلوهاا ي روتااناا تكفونن خلو العيد عيدين اعتبروها هدية العيد😣😔😔😔
2055968938278760627,https://x.com/Anghamifan/status/2055968938278760627,https://x.com/Anghamifan,Anghamifan,☆AR☆,https://pbs.twimg.com/profile_images/2008420605998120961/a1WaEq9c_bigger.jpg,,@RotanaLive @Turki_alalshikh @Angham @GEA_SA @Mabdoarena @EmiratesNBD_KSA @Kinzabev @flowardCo اي والله ماتتفووووووت وموعودين ب مافي مثلك باذن الله شي شي ياروووتانا الى الاماممممم❤️❤️❤️❤️❤️❤️😍😍😍😍,اي والله ماتتفووووووت وموعودين ب مافي مثلك باذن الله شي شي ياروووتانا الى الاماممممم❤️❤️❤️❤️❤️❤️😍😍😍😍,False,,"['RotanaLive', 'Turki_alalshikh', 'Angham', 'GEA_SA', 'Mabdoarena', 'EmiratesNBD_KSA', 'Kinzabev', 'flowardCo']",16h,"May 17, 2026 · 11:09 AM UTC",2026-05-17T11:09:00Z,,,0,0,1,307,ENBD,اي والله ماتتفووووووت وموعودين ب مافي مثلك باذن الله شي شي ياروووتانا الى الاماممممم❤️❤️❤️❤️❤️❤️😍😍😍😍,https://x.com/Anghamifan/status/2055968938278760627,@RotanaLive @Turki_alalshikh @Angham @GEA_SA @Mabdoarena @EmiratesNBD_KSA @Kinzabev @flowardCo اي والله ماتتفووووووت وموعودين ب مافي مثلك باذن الله شي شي ياروووتانا الى الاماممممم❤️❤️❤️❤️❤️❤️😍😍😍😍,@RotanaLive @Turki_alalshikh @Angham @GEA_SA @Mabdoarena @EmiratesNBD_KSA @Kinzabev @flowardCo اي والله ماتتفووووووت وموعودين ب مافي مثلك باذن الله شي شي ياروووتانا الى الاماممممم❤️❤️❤️❤️❤️❤️😍😍😍😍
2055968912253009926,https://x.com/tic6et/status/2055968912253009926,https://x.com/tic6et,tic6et,تذاكر VIP TICKET,https://pbs.twimg.com/profile_images/2003360869695000576/Yk4gYfXF_bigger.jpg,,@RotanaLive @Turki_alalshikh @Angham @GEA_SA @Mabdoarena @EmiratesNBD_KSA @Kinzabev @flowardCo تذاكر الفنانة انغام في الرياض متوفرة لدينا الان 📲📲,تذاكر الفنانة انغام في الرياض متوفرة لدينا الان 📲📲,False,,"['RotanaLive', 'Turki_alalshikh', 'Angham', 'GEA_SA', 'Mabdoarena', 'EmiratesNBD_KSA', 'Kinzabev', 'flowardCo']",16h,"May 17, 2026 · 11:09 AM UTC",2026-05-17T11:09:00Z,,,0,0,0,307,ENBD,تذاكر الفنانة انغام في الرياض متوفرة لدينا الان 📲📲,https://x.com/tic6et/status/2055968912253009926,@RotanaLive @Turki_alalshikh @Angham @GEA_SA @Mabdoarena @EmiratesNBD_KSA @Kinzabev @flowardCo تذاكر الفنانة انغام في الرياض متوفرة لدينا الان 📲📲,@RotanaLive @Turki_alalshikh @Angham @GEA_SA @Mabdoarena @EmiratesNBD_KSA @Kinzabev @flowardCo تذاكر الفنانة انغام في الرياض متوفرة لدينا الان 📲📲
2055968758213066971,https://x.com/RotanaLive/status/2055968758213066971,https://x.com/RotanaLive,RotanaLive,Rotana Live,https://pbs.twimg.com/profile_images/1840760580371599361/gqQxhEkP_bigger.jpg,,"صوت مصر في كل زمان ومكان 🤩💛

لا تفوّتوا فرصة حضوركم حفل عيد الأضحى
في الرياض✨👇🏻

🔗 https://t.co/8d1XjVBIaz 🔗

@Angham 
#أنغام_في_الرياض
#روتانا_لايف","إذا للحين ما حجزتوا ..
ترى حفلات صوت مصر ما تتفوّت 👀🔥

🔗<a href=""https://webook.com/ar/events/angham-concert-riyadh-eid26"">webook.com/ar/events/angham-…</a>  🔗

🗓️ 30مايو | الرياض - مسرح محمد عبده أرينا 

<a href=""/Turki_alalshikh"" title=""TURKI ALALSHIKH"">@Turki_alalshikh</a> 
<a href=""/Angham"" title=""Angham"">@Angham</a> 
<a href=""/GEA_SA"" title=""الهيئة العامة للترفيه"">@GEA_SA</a> 
<a href=""/Mabdoarena"" title=""Mohammed Abdo Arena by Emirates NBD"">@Mabdoarena</a> 
<a href=""/EmiratesNBD_KSA"" title=""Emirates NBD KSA"">@EmiratesNBD_KSA</a> 
<a href=""/Kinzabev"" title=""Kinza"">@Kinzabev</a> 
<a href=""/flowardCo"" title=""Floward | فلاورد"">@flowardCo</a> 
<a href=""/search?f=tweets&amp;q=%23أنغام_في_الرياض"">#أنغام_في_الرياض</a>
<a href=""/search?f=tweets&amp;q=%23روتانا_لايف"">#روتانا_لايف</a>",False,,,16h,"May 17, 2026 · 11:08 AM UTC",2026-05-17T11:08:00Z,,"['https://webook.com/ar/events/angham-concert-riyadh-eid26', 'https://x.com/Turki_alalshikh', 'https://x.com/Angham', 'https://x.com/GEA_SA', 'https://x.com/Mabdoarena', 'https://x.com/EmiratesNBD_KSA', 'https://x.com/Kinzabev', 'https://x.com/flowardCo', 'https://x.com/search?f=tweets&q=%23أنغام_في_الرياض', 'https://x.com/search?f=tweets&q=%23روتانا_لايف']",14,3,50,7482,ENBD,"إذا للحين ما حجزتوا ..
ترى حفلات صوت مصر ما تتفوّت 👀🔥

🔗webook.com/ar/events/angham-…  🔗

🗓️ 30مايو | الرياض - مسرح محمد عبده أرينا 

@Turki_alalshikh 
@Angham 
@GEA_SA 
@Mabdoarena 
@EmiratesNBD_KSA 
@Kinzabev 
@flowardCo 
#أنغام_في_الرياض
#روتانا_لايف",https://x.com/RotanaLive/status/2055968758213066971,"صوت مصر في كل زمان ومكان 🤩💛

لا تفوّتوا فرصة حضوركم حفل عيد الأضحى
في الرياض✨👇🏻

🔗 https://t.co/8d1XjVBIaz 🔗

@Angham 
#أنغام_في_الرياض
#روتانا_لايف","صوت مصر في كل زمان ومكان 🤩💛

لا تفوّتوا فرصة حضوركم حفل عيد الأضحى
في الرياض✨👇🏻

🔗 https://t.co/8d1XjVBIaz 🔗

@Angham 
#أنغام_في_الرياض
#روتانا_لايف"
2055967007825100977,https://x.com/Anghamifan/status/2055967007825100977,https://x.com/Anghamifan,Anghamifan,☆AR☆,https://pbs.twimg.com/profile_images/2008420605998120961/a1WaEq9c_bigger.jpg,,طيب حبيبتي انا اجاوبك بس على سؤالك ولا اللقب اي صوت مصري جميل يستحقه ولكن الاولوية للاقدم اكيد وهي وثقت شركة انتاجها بهذا الاسم 🥰🫶🏼,طيب حبيبتي انا اجاوبك بس على سؤالك ولا اللقب اي صوت مصري جميل يستحقه ولكن الاولوية للاقدم اكيد وهي وثقت شركة انتاجها بهذا الاسم 🥰🫶🏼,False,,"['Divav0tr', 'RotanaLive', 'Turki_alalshikh', 'Angham', 'GEA_SA', 'Mabdoarena', 'EmiratesNBD_KSA', 'Kinzabev', 'flowardCo']",17h,"May 17, 2026 · 11:01 AM UTC",2026-05-17T11:01:00Z,,,1,0,0,103,ENBD,طيب حبيبتي انا اجاوبك بس على سؤالك ولا اللقب اي صوت مصري جميل يستحقه ولكن الاولوية للاقدم اكيد وهي وثقت شركة انتاجها بهذا الاسم 🥰🫶🏼,,,طيب حبيبتي انا اجاوبك بس على سؤالك ولا اللقب اي صوت مصري جميل يستحقه ولكن الاولوية للاقدم اكيد وهي وثقت شركة انتاجها بهذا الاسم 🥰🫶🏼
2055961884394742203,https://x.com/Walee__10/status/2055961884394742203,https://x.com/Walee__10,Walee__10,wale10,https://pbs.twimg.com/profile_images/1677625028911792128/iMxfUMTa_bigger.jpg,,نبي القصيم طيب ابونوره ولا عايض ولا اميمة,نبي القصيم طيب ابونوره ولا عايض ولا اميمة,False,,"['RotanaLive', 'Turki_alalshikh', 'Angham', 'GEA_SA', 'Mabdoarena', 'EmiratesNBD_KSA', 'Kinzabev', 'flowardCo']",17h,"May 17, 2026 · 10:41 AM UTC",2026-05-17T10:41:00Z,,,0,0,0,75,ENBD,نبي القصيم طيب ابونوره ولا عايض ولا اميمة,,,نبي القصيم طيب ابونوره ولا عايض ولا اميمة
2055957271075565604,https://x.com/Divav0tr/status/2055957271075565604,https://x.com/Divav0tr,Divav0tr,Diva,https://pbs.twimg.com/profile_images/2056186486626603008/Edv8NakH_bigger.jpg,,وامال ماهر  السيسي كمان مكرمها بصوت مصر و الاولى حاكم بلدها بحكم انهم الثلاثه مصرين ولا؟,وامال ماهر  السيسي كمان مكرمها بصوت مصر و الاولى حاكم بلدها بحكم انهم الثلاثه مصرين ولا؟,False,,"['Anghamifan', 'RotanaLive', 'Turki_alalshikh', 'Angham', 'GEA_SA', 'Mabdoarena', 'EmiratesNBD_KSA', 'Kinzabev', 'flowardCo']",17h,"May 17, 2026 · 10:23 AM UTC",2026-05-17T10:23:00Z,,,1,0,1,199,ENBD,وامال ماهر  السيسي كمان مكرمها بصوت مصر و الاولى حاكم بلدها بحكم انهم الثلاثه مصرين ولا؟,,,وامال ماهر  السيسي كمان مكرمها بصوت مصر و الاولى حاكم بلدها بحكم انهم الثلاثه مصرين ولا؟
2055942745504764067,https://x.com/Darshniksamacha/status/2055942745504764067,https://x.com/Darshniksamacha,Darshniksamacha,दार्शनिक समाचार,https://pbs.twimg.com/profile_images/1830110869378011136/YcMaNN5s_bigger.jpg,,और इसे भारतीय बैंकिंग क्षेत्र में अब तक के सबसे बड़े अंतरराष्ट्रीय निवेशों में से एक माना जा रहा है। #FinanceMinistry #RBLBank #EmiratesNBD,"और इसे भारतीय बैंकिंग क्षेत्र में अब तक के सबसे बड़े अंतरराष्ट्रीय निवेशों में से एक माना जा रहा है। <a href=""/search?f=tweets&amp;q=%23FinanceMinistry"">#FinanceMinistry</a> <a href=""/search?f=tweets&amp;q=%23RBLBank"">#RBLBank</a> <a href=""/search?f=tweets&amp;q=%23EmiratesNBD"">#EmiratesNBD</a>",False,,,18h,"May 17, 2026 · 9:25 AM UTC",2026-05-17T09:25:00Z,,"['https://x.com/search?f=tweets&q=%23FinanceMinistry', 'https://x.com/search?f=tweets&q=%23RBLBank', 'https://x.com/search?f=tweets&q=%23EmiratesNBD']",0,0,0,39,ENBD,और इसे भारतीय बैंकिंग क्षेत्र में अब तक के सबसे बड़े अंतरराष्ट्रीय निवेशों में से एक माना जा रहा है। #FinanceMinistry #RBLBank #EmiratesNBD,,,और इसे भारतीय बैंकिंग क्षेत्र में अब तक के सबसे बड़े अंतरराष्ट्रीय निवेशों में से एक माना जा रहा है। #FinanceMinistry #RBLBank #EmiratesNBD
2055932363151212606,https://x.com/Newskarnataka/status/2055932363151212606,https://x.com/Newskarnataka,Newskarnataka,News Karnataka,https://pbs.twimg.com/profile_images/1758083504481644544/VV36VL_I_bigger.jpg,,"⭕️Emirates NBD gets nod for RBL Bank majority stake
@EmiratesNBD_AE  @rblbank 

newskarnataka.com/s/1ji7x8

#BankingNews #RBLBank #EmiratesNBD #IndiaBusiness #newskarnataka","⭕️Emirates NBD gets nod for RBL Bank majority stake
<a href=""/EmiratesNBD_AE"" title=""Emirates NBD"">@EmiratesNBD_AE</a>  <a href=""/rblbank"" title=""RBL Bank"">@rblbank</a> 

<a href=""https://newskarnataka.com/s/1ji7x8"">newskarnataka.com/s/1ji7x8</a>

<a href=""/search?f=tweets&amp;q=%23BankingNews"">#BankingNews</a> <a href=""/search?f=tweets&amp;q=%23RBLBank"">#RBLBank</a> <a href=""/search?f=tweets&amp;q=%23EmiratesNBD"">#EmiratesNBD</a> <a href=""/search?f=tweets&amp;q=%23IndiaBusiness"">#IndiaBusiness</a> <a href=""/search?f=tweets&amp;q=%23newskarnataka"">#newskarnataka</a>",False,,,19h,"May 17, 2026 · 8:44 AM UTC",2026-05-17T08:44:00Z,,"['https://x.com/EmiratesNBD_AE', 'https://x.com/rblbank', 'https://newskarnataka.com/s/1ji7x8', 'https://x.com/search?f=tweets&q=%23BankingNews', 'https://x.com/search?f=tweets&q=%23RBLBank', 'https://x.com/search?f=tweets&q=%23EmiratesNBD', 'https://x.com/search?f=tweets&q=%23IndiaBusiness', 'https://x.com/search?f=tweets&q=%23newskarnataka']",0,0,0,68,ENBD,"⭕️Emirates NBD gets nod for RBL Bank majority stake
@EmiratesNBD_AE  @rblbank 

newskarnataka.com/s/1ji7x8

#BankingNews #RBLBank #EmiratesNBD #IndiaBusiness #newskarnataka",,,"⭕️Emirates NBD gets nod for RBL Bank majority stake
@EmiratesNBD_AE  @rblbank 

newskarnataka.com/s/1ji7x8

#BankingNews #RBLBank #EmiratesNBD #IndiaBusiness #newskarnataka"
2055928575052902665,https://x.com/viv_chand/status/2055928575052902665,https://x.com/viv_chand,viv_chand,Vivek,https://pbs.twimg.com/profile_images/555068961285758976/A7AU8RZY_bigger.jpeg,,"@EmiratesNBD_AE why do you have automated phone calls to remind ALL card holders of upcoming card payments?  And that too every day for many days? Do you understand how silly, irritating this is for premium clients?  Clearly your cards services don’t understand the basics.","<a href=""/EmiratesNBD_AE"" title=""Emirates NBD"">@EmiratesNBD_AE</a> why do you have automated phone calls to remind ALL card holders of upcoming card payments?  And that too every day for many days? Do you understand how silly, irritating this is for premium clients?  Clearly your cards services don’t understand the basics.",False,,,19h,"May 17, 2026 · 8:29 AM UTC",2026-05-17T08:29:00Z,,['https://x.com/EmiratesNBD_AE'],1,0,0,21,ENBD,"@EmiratesNBD_AE why do you have automated phone calls to remind ALL card holders of upcoming card payments?  And that too every day for many days? Do you understand how silly, irritating this is for premium clients?  Clearly your cards services don’t understand the basics.",,,"@EmiratesNBD_AE why do you have automated phone calls to remind ALL card holders of upcoming card payments?  And that too every day for many days? Do you understand how silly, irritating this is for premium clients?  Clearly your cards services don’t understand the basics."
2055923953059643510,https://x.com/Anghamifan/status/2055923953059643510,https://x.com/Anghamifan,Anghamifan,☆AR☆,https://pbs.twimg.com/profile_images/2008420605998120961/a1WaEq9c_bigger.jpg,,لا، لان معالي المستشار مكرمها باللقب وصار رسمي + شركة انتاج انغام موثقة باسم صوت مصر في مصر.,لا، لان معالي المستشار مكرمها باللقب وصار رسمي + شركة انتاج انغام موثقة باسم صوت مصر في مصر.,False,,"['Divav0tr', 'RotanaLive', 'Turki_alalshikh', 'Angham', 'GEA_SA', 'Mabdoarena', 'EmiratesNBD_KSA', 'Kinzabev', 'flowardCo']",19h,"May 17, 2026 · 8:10 AM UTC",2026-05-17T08:10:00Z,,,1,0,0,81,ENBD,لا، لان معالي المستشار مكرمها باللقب وصار رسمي + شركة انتاج انغام موثقة باسم صوت مصر في مصر.,,,لا، لان معالي المستشار مكرمها باللقب وصار رسمي + شركة انتاج انغام موثقة باسم صوت مصر في مصر.
2055919547920871879,https://x.com/khaleejtimes/status/2055919547920871879,https://x.com/khaleejtimes,khaleejtimes,Khaleej Times,https://pbs.twimg.com/profile_images/1662009811242831874/ZUTWSfk4_bigger.jpg,,"UAE’s Emirates NBD bank gets nod for majority stake in India's RBL Bank

https://t.co/2ypReBv0w6","UAE’s Emirates NBD bank gets nod for majority stake in India&#39;s RBL Bank

<a href=""https://www.khaleejtimes.com/business/uaes-emirates-nbd-bank-gets-nod-for-majority-stake-in-indias-rbl-bank"">khaleejtimes.com/business/ua…</a>",False,,,20h,"May 17, 2026 · 7:53 AM UTC",2026-05-17T07:53:00Z,,['https://www.khaleejtimes.com/business/uaes-emirates-nbd-bank-gets-nod-for-majority-stake-in-indias-rbl-bank'],1,2,19,3443,ENBD,"UAE’s Emirates NBD bank gets nod for majority stake in India's RBL Bank

khaleejtimes.com/business/ua…",https://x.com/khaleejtimes/status/2055919547920871879,"UAE’s Emirates NBD bank gets nod for majority stake in India's RBL Bank

https://t.co/2ypReBv0w6","UAE’s Emirates NBD bank gets nod for majority stake in India's RBL Bank

https://t.co/2ypReBv0w6"
2055908361196253201,https://x.com/ManishPangotra5/status/2055908361196253201,https://x.com/ManishPangotra5,ManishPangotra5,Manish Pangotra🇮🇳,https://pbs.twimg.com/profile_images/1709790896215166976/gcaQ4KzT_bigger.jpg,,"PM Modi’s short UAE visit results in major investment announcements for India:

– Over $5 billion investment push from UAE entities
– Emirates NBD commits $3 billion to Indian banking
– ADIA to invest $1 billion with NIIF in infrastructure... https://t.co/1r8jqNoM9k","PM Modi’s short UAE visit results in major investment announcements for India:

– Over $5 billion investment push from UAE entities
– Emirates NBD commits $3 billion to Indian banking
– ADIA to invest $1 billion with NIIF in infrastructure...",False,,,20h,"May 17, 2026 · 7:08 AM UTC",2026-05-17T07:08:00Z,,,0,0,0,15,ENBD,"PM Modi’s short UAE visit results in major investment announcements for India:

– Over $5 billion investment push from UAE entities
– Emirates NBD commits $3 billion to Indian banking
– ADIA to invest $1 billion with NIIF in infrastructure...",https://x.com/ManishPangotra5/status/2055908361196253201,"PM Modi’s short UAE visit results in major investment announcements for India:

– Over $5 billion investment push from UAE entities
– Emirates NBD commits $3 billion to Indian banking
– ADIA to invest $1 billion with NIIF in infrastructure... https://t.co/1r8jqNoM9k","PM Modi’s short UAE visit results in major investment announcements for India:

– Over $5 billion investment push from UAE entities
– Emirates NBD commits $3 billion to Indian banking
– ADIA to invest $1 billion with NIIF in infrastructure... https://t.co/1r8jqNoM9k"
2055895653163876595,https://x.com/Sydusm/status/2055895653163876595,https://x.com/Sydusm,Sydusm,Rants&Roasts,https://pbs.twimg.com/profile_images/1968718625793015808/rbv38Nj6_bigger.jpg,,"The building was ready last year, only the ribbon was to be cut.

A struggling Indian bank RBL has been acquired by Emirates NBD in a commercial transaction that was negotiated, announced, and approved across multiple regulators over several months in 2025.

Modi flew to Abu Dhabi, stood next to Sheikh Mohamed bin Zayed, and the Finance Ministry's stamp was timed to coincide with the visit. 

Godi media and sanghis clapped.","The building was ready last year, only the ribbon was to be cut.

A struggling Indian bank RBL has been acquired by Emirates NBD in a commercial transaction that was negotiated, announced, and approved across multiple regulators over several months in 2025.

Modi flew to Abu Dhabi, stood next to Sheikh Mohamed bin Zayed, and the Finance Ministry&#39;s stamp was timed to coincide with the visit. 

Godi media and sanghis clapped.",False,,,21h,"May 17, 2026 · 6:18 AM UTC",2026-05-17T06:18:00Z,,,2,16,66,1620,ENBD,"The building was ready last year, only the ribbon was to be cut.

A struggling Indian bank RBL has been acquired by Emirates NBD in a commercial transaction that was negotiated, announced, and approved across multiple regulators over several months in 2025.

Modi flew to Abu Dhabi, stood next to Sheikh Mohamed bin Zayed, and the Finance Ministry's stamp was timed to coincide with the visit. 

Godi media and sanghis clapped.",https://x.com/Sydusm/status/2055895653163876595,"The building was ready last year, only the ribbon was to be cut.

A struggling Indian bank RBL has been acquired by Emirates NBD in a commercial transaction that was negotiated, announced, and approved across multiple regulators over several months in 2025.

Modi flew to Abu Dhabi, stood next to Sheikh Mohamed bin Zayed, and the Finance Ministry's stamp was timed to coincide with the visit. 

Godi media and sanghis clapped.","The building was ready last year, only the ribbon was to be cut.

A struggling Indian bank RBL has been acquired by Emirates NBD in a commercial transaction that was negotiated, announced, and approved across multiple regulators over several months in 2025.

Modi flew to Abu Dhabi, stood next to Sheikh Mohamed bin Zayed, and the Finance Ministry's stamp was timed to coincide with the visit. 

Godi media and sanghis clapped."
2055892846473851220,https://x.com/Meshari11m/status/2055892846473851220,https://x.com/Meshari11m,Meshari11m,MESHARI,https://pbs.twimg.com/profile_images/1190977043338534917/_aotx1fp_bigger.jpg,,"@SAMAcares 
@etimadsa 
@snbalahli 
البنك الاهلي في جميع الشكاوي التي تم رفعها لاسترداد المبلغ ان المشكله لديكم والمبلغ لدى اعتماد ، اتفاهموا مع بعض كل واحد يرمي عالثاني ترى كلها ٢٠٠ ريال ثلاثه اسابيع اطاردكم عليها ، مين المتسبب نستدعي نجم ممكن يكون عنده حل افضل منكم@najm_ksa https://t.co/S30KNmi93p",هذا الكلام الزين ، ننتظر يعطونا وجه ويرد,False,,"['Bood2925', 'SNBCares', 'EmiratesNBD_KSA']",21h,"May 17, 2026 · 6:07 AM UTC",2026-05-17T06:07:00Z,,,2,0,0,74,ENBD,هذا الكلام الزين ، ننتظر يعطونا وجه ويرد,https://x.com/Meshari11m/status/2055892846473851220,"@SAMAcares 
@etimadsa 
@snbalahli 
البنك الاهلي في جميع الشكاوي التي تم رفعها لاسترداد المبلغ ان المشكله لديكم والمبلغ لدى اعتماد ، اتفاهموا مع بعض كل واحد يرمي عالثاني ترى كلها ٢٠٠ ريال ثلاثه اسابيع اطاردكم عليها ، مين المتسبب نستدعي نجم ممكن يكون عنده حل افضل منكم@najm_ksa https://t.co/S30KNmi93p","@SAMAcares 
@etimadsa 
@snbalahli 
البنك الاهلي في جميع الشكاوي التي تم رفعها لاسترداد المبلغ ان المشكله لديكم والمبلغ لدى اعتماد ، اتفاهموا مع بعض كل واحد يرمي عالثاني ترى كلها ٢٠٠ ريال ثلاثه اسابيع اطاردكم عليها ، مين المتسبب نستدعي نجم ممكن يكون عنده حل افضل منكم@najm_ksa https://t.co/S30KNmi93p"
2055891994312843728,https://x.com/_cas52/status/2055891994312843728,https://x.com/_cas52,_cas52,ًً,https://pbs.twimg.com/profile_images/2053664909175476224/ADBMgZUP_bigger.jpg,,@RotanaLive @Turki_alalshikh @Angham @GEA_SA @Mabdoarena @EmiratesNBD_KSA @Kinzabev @flowardCo عش قلبي ، محد فاضي ، فاكراك ، ليه سيبتها ، عن فرح غايب ، مافي مثلك ، نفسي احبك ، انت مين ، هيبة ، فينك ، دلوقتي احسن ، ثلاث حروف ، زيك مفيش ، حيران ، نزوة ، بتحبها ولا ، هتقول لربنا ايه ، ماجبش سيرتي ، لو تحلف ، معنى حبي ، مهزومه ، اهي جت ، بحبك وحشتيني ، اصعب جرح .. وسلامتك,سيبك انت دايم نسمعها يافلاورد بقيت وحدك نبيها بعد تفهمون,False,,"['flowardCo', 'a1rqi', 'RotanaLive', 'Turki_alalshikh', 'Angham', 'GEA_SA', 'Mabdoarena', 'EmiratesNBD_KSA', 'Kinzabev']",21h,"May 17, 2026 · 6:03 AM UTC",2026-05-17T06:03:00Z,,,0,0,1,47,ENBD,سيبك انت دايم نسمعها يافلاورد بقيت وحدك نبيها بعد تفهمون,https://x.com/_cas52/status/2055891994312843728,@RotanaLive @Turki_alalshikh @Angham @GEA_SA @Mabdoarena @EmiratesNBD_KSA @Kinzabev @flowardCo عش قلبي ، محد فاضي ، فاكراك ، ليه سيبتها ، عن فرح غايب ، مافي مثلك ، نفسي احبك ، انت مين ، هيبة ، فينك ، دلوقتي احسن ، ثلاث حروف ، زيك مفيش ، حيران ، نزوة ، بتحبها ولا ، هتقول لربنا ايه ، ماجبش سيرتي ، لو تحلف ، معنى حبي ، مهزومه ، اهي جت ، بحبك وحشتيني ، اصعب جرح .. وسلامتك,@RotanaLive @Turki_alalshikh @Angham @GEA_SA @Mabdoarena @EmiratesNBD_KSA @Kinzabev @flowardCo عش قلبي ، محد فاضي ، فاكراك ، ليه سيبتها ، عن فرح غايب ، مافي مثلك ، نفسي احبك ، انت مين ، هيبة ، فينك ، دلوقتي احسن ، ثلاث حروف ، زيك مفيش ، حيران ، نزوة ، بتحبها ولا ، هتقول لربنا ايه ، ماجبش سيرتي ، لو تحلف ، معنى حبي ، مهزومه ، اهي جت ، بحبك وحشتيني ، اصعب جرح .. وسلامتك
2055891516220944844,https://x.com/flowardCo/status/2055891516220944844,https://x.com/flowardCo,flowardCo,Floward | فلاورد,https://pbs.twimg.com/profile_images/2055934456142155776/ADmr0v9P_bigger.jpg,,طيب وسيبك أنت و بقيت وحدك ؟,طيب وسيبك أنت و بقيت وحدك ؟,False,,"['_cas52', 'a1rqi', 'RotanaLive', 'Turki_alalshikh', 'Angham', 'GEA_SA', 'Mabdoarena', 'EmiratesNBD_KSA', 'Kinzabev']",22h,"May 17, 2026 · 6:01 AM UTC",2026-05-17T06:01:00Z,,,1,0,1,77,ENBD,طيب وسيبك أنت و بقيت وحدك ؟,,,طيب وسيبك أنت و بقيت وحدك ؟
2055889521430954080,https://x.com/Meshari11m/status/2055889521430954080,https://x.com/Meshari11m,Meshari11m,MESHARI,https://pbs.twimg.com/profile_images/1190977043338534917/_aotx1fp_bigger.jpg,,@Meshari11m السلام عليكم ورحمة الله و بركاته ابشر ولايهمك ، تم تصعيد طلبك للإدارة المختصة وسيتم عمل اللازم في اسرع وقت. ومالك إلا اللي يرضيك يومك سعيد,"<a href=""/EmiratesNBD_KSA"" title=""Emirates NBD KSA"">@EmiratesNBD_KSA</a> عندكم عروض للقطاعات الحكوميه شراء مديونيه بتحويل راتب ؟
احتاج اخرج من البنك اللي ٢٠٠ ريال ليا اكثر من شهر اطاردهم عليها",False,,['SNBCares'],22h,"May 17, 2026 · 5:53 AM UTC",2026-05-17T05:53:00Z,,['https://x.com/EmiratesNBD_KSA'],2,0,0,386,ENBD,"@EmiratesNBD_KSA عندكم عروض للقطاعات الحكوميه شراء مديونيه بتحويل راتب ؟
احتاج اخرج من البنك اللي ٢٠٠ ريال ليا اكثر من شهر اطاردهم عليها",https://x.com/Meshari11m/status/2055889521430954080,@Meshari11m السلام عليكم ورحمة الله و بركاته ابشر ولايهمك ، تم تصعيد طلبك للإدارة المختصة وسيتم عمل اللازم في اسرع وقت. ومالك إلا اللي يرضيك يومك سعيد,@Meshari11m السلام عليكم ورحمة الله و بركاته ابشر ولايهمك ، تم تصعيد طلبك للإدارة المختصة وسيتم عمل اللازم في اسرع وقت. ومالك إلا اللي يرضيك يومك سعيد
2055888339622940814,https://x.com/hefny_rehab/status/2055888339622940814,https://x.com/hefny_rehab,hefny_rehab,Rehab,https://pbs.twimg.com/profile_images/1627352989491990531/vPXHRPC__bigger.jpg,,@RotanaLive @Turki_alalshikh @Angham @GEA_SA @Mabdoarena @EmiratesNBD_KSA @Kinzabev @flowardCo سلامة رماحك . هدي قلبه . يوجعونك. محد فاضي.  شي ضاع. مبتعلمش.  عمري معاك . زيك مفيش . سبته,سلامة رماحك . هدي قلبه . يوجعونك. محد فاضي.  شي ضاع. مبتعلمش.  عمري معاك . زيك مفيش . سبته,False,,"['RotanaLive', 'Turki_alalshikh', 'Angham', 'GEA_SA', 'Mabdoarena', 'EmiratesNBD_KSA', 'Kinzabev', 'flowardCo']",22h,"May 17, 2026 · 5:49 AM UTC",2026-05-17T05:49:00Z,,,0,0,4,82,ENBD,سلامة رماحك . هدي قلبه . يوجعونك. محد فاضي.  شي ضاع. مبتعلمش.  عمري معاك . زيك مفيش . سبته,https://x.com/hefny_rehab/status/2055888339622940814,@RotanaLive @Turki_alalshikh @Angham @GEA_SA @Mabdoarena @EmiratesNBD_KSA @Kinzabev @flowardCo سلامة رماحك . هدي قلبه . يوجعونك. محد فاضي.  شي ضاع. مبتعلمش.  عمري معاك . زيك مفيش . سبته,@RotanaLive @Turki_alalshikh @Angham @GEA_SA @Mabdoarena @EmiratesNBD_KSA @Kinzabev @flowardCo سلامة رماحك . هدي قلبه . يوجعونك. محد فاضي.  شي ضاع. مبتعلمش.  عمري معاك . زيك مفيش . سبته
2055884614879629396,https://x.com/_cas52/status/2055884614879629396,https://x.com/_cas52,_cas52,ًً,https://pbs.twimg.com/profile_images/2053664909175476224/ADBMgZUP_bigger.jpg,,وادور بعددد شلون انساها صدق,وادور بعددد شلون انساها صدق,False,,"['a1rqi', 'RotanaLive', 'Turki_alalshikh', 'Angham', 'GEA_SA', 'Mabdoarena', 'EmiratesNBD_KSA', 'Kinzabev', 'flowardCo']",22h,"May 17, 2026 · 5:34 AM UTC",2026-05-17T05:34:00Z,,,1,0,0,81,ENBD,وادور بعددد شلون انساها صدق,,,وادور بعددد شلون انساها صدق
2055861144812666924,https://x.com/ieei04/status/2055861144812666924,https://x.com/ieei04,ieei04,AHMAD,https://pbs.twimg.com/profile_images/2005213792288845824/XvVxvdBm_bigger.jpg,,@RotanaLive @Turki_alalshikh @Angham @GEA_SA @Mabdoarena @EmiratesNBD_KSA @Kinzabev @flowardCo مابكثر عليكم بس كثروا من البوم راح تذكرني ومصري قديمم,مابكثر عليكم بس كثروا من البوم راح تذكرني ومصري قديمم,False,,"['RotanaLive', 'Turki_alalshikh', 'Angham', 'GEA_SA', 'Mabdoarena', 'EmiratesNBD_KSA', 'Kinzabev', 'flowardCo']",May 17,"May 17, 2026 · 4:01 AM UTC",2026-05-17T04:01:00Z,,,0,0,5,82,ENBD,مابكثر عليكم بس كثروا من البوم راح تذكرني ومصري قديمم,https://x.com/ieei04/status/2055861144812666924,@RotanaLive @Turki_alalshikh @Angham @GEA_SA @Mabdoarena @EmiratesNBD_KSA @Kinzabev @flowardCo مابكثر عليكم بس كثروا من البوم راح تذكرني ومصري قديمم,@RotanaLive @Turki_alalshikh @Angham @GEA_SA @Mabdoarena @EmiratesNBD_KSA @Kinzabev @flowardCo مابكثر عليكم بس كثروا من البوم راح تذكرني ومصري قديمم
2055844314362614132,https://x.com/iik_h1/status/2055844314362614132,https://x.com/iik_h1,iik_h1,K,https://pbs.twimg.com/profile_images/1806448945058508800/ziDuAzxL_bigger.jpg,,@RotanaLive @Turki_alalshikh @GEA_SA @Mabdoarena @EmiratesNBD_KSA @Kinzabev @flowardCo مارح اطلب بس ياليت تذكرونها ان عندها اغاني اسمها ياطيب وزيك مفيش,مارح اطلب بس ياليت تذكرونها ان عندها اغاني اسمها ياطيب وزيك مفيش,False,,"['RotanaLive', 'Turki_alalshikh', 'GEA_SA', 'Mabdoarena', 'EmiratesNBD_KSA', 'Kinzabev', 'flowardCo']",May 17,"May 17, 2026 · 2:54 AM UTC",2026-05-17T02:54:00Z,,,0,0,6,239,ENBD,مارح اطلب بس ياليت تذكرونها ان عندها اغاني اسمها ياطيب وزيك مفيش,https://x.com/iik_h1/status/2055844314362614132,@RotanaLive @Turki_alalshikh @GEA_SA @Mabdoarena @EmiratesNBD_KSA @Kinzabev @flowardCo مارح اطلب بس ياليت تذكرونها ان عندها اغاني اسمها ياطيب وزيك مفيش,@RotanaLive @Turki_alalshikh @GEA_SA @Mabdoarena @EmiratesNBD_KSA @Kinzabev @flowardCo مارح اطلب بس ياليت تذكرونها ان عندها اغاني اسمها ياطيب وزيك مفيش
2055830313167642729,https://x.com/Saud_45_/status/2055830313167642729,https://x.com/Saud_45_,Saud_45_,سـعـود 🇸🇦,https://pbs.twimg.com/profile_images/1958682243250913280/LzMgBOku_bigger.jpg,,"@RotanaLive @Turki_alalshikh @Angham @GEA_SA @Mabdoarena @EmiratesNBD_KSA @Kinzabev @flowardCo يعني لو تغني هالاغاني بس
كل مانقرب لبعض
مالي خاطر وهي الاهم
ابطى علي
واحدة بتحبك
ده اللي عندي","يعني لو تغني هالاغاني بس
كل مانقرب لبعض
مالي خاطر وهي الاهم
ابطى علي
واحدة بتحبك
ده اللي عندي",False,,"['RotanaLive', 'Turki_alalshikh', 'Angham', 'GEA_SA', 'Mabdoarena', 'EmiratesNBD_KSA', 'Kinzabev', 'flowardCo']",May 17,"May 17, 2026 · 1:58 AM UTC",2026-05-17T01:58:00Z,,,0,0,2,118,ENBD,"يعني لو تغني هالاغاني بس
كل مانقرب لبعض
مالي خاطر وهي الاهم
ابطى علي
واحدة بتحبك
ده اللي عندي",https://x.com/Saud_45_/status/2055830313167642729,"@RotanaLive @Turki_alalshikh @Angham @GEA_SA @Mabdoarena @EmiratesNBD_KSA @Kinzabev @flowardCo يعني لو تغني هالاغاني بس
كل مانقرب لبعض
مالي خاطر وهي الاهم
ابطى علي
واحدة بتحبك
ده اللي عندي","@RotanaLive @Turki_alalshikh @Angham @GEA_SA @Mabdoarena @EmiratesNBD_KSA @Kinzabev @flowardCo يعني لو تغني هالاغاني بس
كل مانقرب لبعض
مالي خاطر وهي الاهم
ابطى علي
واحدة بتحبك
ده اللي عندي"
2055829735641395339,https://x.com/a1rqi/status/2055829735641395339,https://x.com/a1rqi,a1rqi,علي النــور,https://pbs.twimg.com/profile_images/2048937097080545280/hgaI2h_2_bigger.jpg,,"اقطعها ياحبي
كيف تنسو ادور؟","اقطعها ياحبي
كيف تنسو ادور؟",False,,"['_cas52', 'RotanaLive', 'Turki_alalshikh', 'Angham', 'GEA_SA', 'Mabdoarena', 'EmiratesNBD_KSA', 'Kinzabev', 'flowardCo']",May 17,"May 17, 2026 · 1:56 AM UTC",2026-05-17T01:56:00Z,,,1,0,0,81,ENBD,"اقطعها ياحبي
كيف تنسو ادور؟",,,"اقطعها ياحبي
كيف تنسو ادور؟"
2055810471987421420,https://x.com/_cas52/status/2055810471987421420,https://x.com/_cas52,_cas52,ًً,https://pbs.twimg.com/profile_images/2053664909175476224/ADBMgZUP_bigger.jpg,,عش قلبي ، محد فاضي ، فاكراك ، ليه سيبتها ، عن فرح غايب ، مافي مثلك ، نفسي احبك ، انت مين ، هيبة ، فينك ، دلوقتي احسن ، ثلاث حروف ، زيك مفيش ، حيران ، نزوة ، بتحبها ولا ، هتقول لربنا ايه ، ماجبش سيرتي ، لو تحلف ، معنى حبي ، مهزومه ، اهي جت ، بحبك وحشتيني ، اصعب جرح .. وسلامتك,عش قلبي ، محد فاضي ، فاكراك ، ليه سيبتها ، عن فرح غايب ، مافي مثلك ، نفسي احبك ، انت مين ، هيبة ، فينك ، دلوقتي احسن ، ثلاث حروف ، زيك مفيش ، حيران ، نزوة ، بتحبها ولا ، هتقول لربنا ايه ، ماجبش سيرتي ، لو تحلف ، معنى حبي ، مهزومه ، اهي جت ، بحبك وحشتيني ، اصعب جرح .. وسلامتك,False,,"['RotanaLive', 'Turki_alalshikh', 'Angham', 'GEA_SA', 'Mabdoarena', 'EmiratesNBD_KSA', 'Kinzabev', 'flowardCo']",May 17,"May 17, 2026 · 12:39 AM UTC",2026-05-17T00:39:00Z,,,1,0,13,345,ENBD,عش قلبي ، محد فاضي ، فاكراك ، ليه سيبتها ، عن فرح غايب ، مافي مثلك ، نفسي احبك ، انت مين ، هيبة ، فينك ، دلوقتي احسن ، ثلاث حروف ، زيك مفيش ، حيران ، نزوة ، بتحبها ولا ، هتقول لربنا ايه ، ماجبش سيرتي ، لو تحلف ، معنى حبي ، مهزومه ، اهي جت ، بحبك وحشتيني ، اصعب جرح .. وسلامتك,,,عش قلبي ، محد فاضي ، فاكراك ، ليه سيبتها ، عن فرح غايب ، مافي مثلك ، نفسي احبك ، انت مين ، هيبة ، فينك ، دلوقتي احسن ، ثلاث حروف ، زيك مفيش ، حيران ، نزوة ، بتحبها ولا ، هتقول لربنا ايه ، ماجبش سيرتي ، لو تحلف ، معنى حبي ، مهزومه ، اهي جت ، بحبك وحشتيني ، اصعب جرح .. وسلامتك
2055805482191733139,https://x.com/a_asma80/status/2055805482191733139,https://x.com/a_asma80,a_asma80,أسماء الليبية🇱🇾,https://pbs.twimg.com/profile_images/2010112758189060097/B4LfSAKz_bigger.jpg,,"لاتغيب
عش قلبي
هيبة ملك
ادور
أناني
شي ضاع 
مافي مثلك
بترجعلي 
تلاقينا","لاتغيب
عش قلبي
هيبة ملك
ادور
أناني
شي ضاع 
مافي مثلك
بترجعلي 
تلاقينا",False,,"['RotanaLive', 'Turki_alalshikh', 'Angham', 'GEA_SA', 'Mabdoarena', 'EmiratesNBD_KSA', 'Kinzabev', 'flowardCo']",May 17,"May 17, 2026 · 12:19 AM UTC",2026-05-17T00:19:00Z,,,0,0,5,101,ENBD,"لاتغيب
عش قلبي
هيبة ملك
ادور
أناني
شي ضاع 
مافي مثلك
بترجعلي 
تلاقينا",,,"لاتغيب
عش قلبي
هيبة ملك
ادور
أناني
شي ضاع 
مافي مثلك
بترجعلي 
تلاقينا"
2056058327059349944,https://x.com/zlxxmz/status/2056058327059349944,https://x.com/zlxxmz,zlxxmz,silver enthusiast #silvertwt,https://pbs.twimg.com/profile_images/2055274316221292544/HuekIYvM_bigger.jpg,,SILVWR,SILVWR,False,,['emiratesislamic'],10h,"May 17, 2026 · 5:04 PM UTC",2026-05-17T17:04:00Z,,,0,0,0,21,EI,SILVWR,,,SILVWR
2055942016253444497,https://x.com/WealthCodeTruth/status/2055942016253444497,https://x.com/WealthCodeTruth,WealthCodeTruth,Wealth Code Truths,https://pbs.twimg.com/profile_images/2037292169132703744/g9FA9Y9t_bigger.jpg,,This is the part they don't teach in school — and it costs most people years to figure out.,This is the part they don&#39;t teach in school — and it costs most people years to figure out.,False,,['emiratesislamic'],18h,"May 17, 2026 · 9:22 AM UTC",2026-05-17T09:22:00Z,,,0,0,0,0,EI,This is the part they don't teach in school — and it costs most people years to figure out.,,,This is the part they don't teach in school — and it costs most people years to figure out.
2055877982883918328,https://x.com/emiratesislamic/status/2055877982883918328,https://x.com/emiratesislamic,emiratesislamic,emiratesislamic,https://pbs.twimg.com/profile_images/1526452318874619904/yJhExjro_bigger.jpg,,"30 Seconds of Financial Awareness 
This Global Money Week, remember: small financial habits today can create a stronger future tomorrow.  
#GlobalMoneyWeek #EIFinancialAwareness #SmartMoneyMindset #EmiratesIslamic","30 Seconds of Financial Awareness 
This Global Money Week, remember: small financial habits today can create a stronger future tomorrow.  
<a href=""/search?f=tweets&amp;q=%23GlobalMoneyWeek"">#GlobalMoneyWeek</a> <a href=""/search?f=tweets&amp;q=%23EIFinancialAwareness"">#EIFinancialAwareness</a> <a href=""/search?f=tweets&amp;q=%23SmartMoneyMindset"">#SmartMoneyMindset</a> <a href=""/search?f=tweets&amp;q=%23EmiratesIslamic"">#EmiratesIslamic</a>",False,,,22h,"May 17, 2026 · 5:08 AM UTC",2026-05-17T05:08:00Z,,"['https://x.com/search?f=tweets&q=%23GlobalMoneyWeek', 'https://x.com/search?f=tweets&q=%23EIFinancialAwareness', 'https://x.com/search?f=tweets&q=%23SmartMoneyMindset', 'https://x.com/search?f=tweets&q=%23EmiratesIslamic']",1,0,0,56,EI,"30 Seconds of Financial Awareness 
This Global Money Week, remember: small financial habits today can create a stronger future tomorrow.  
#GlobalMoneyWeek #EIFinancialAwareness #SmartMoneyMindset #EmiratesIslamic",,,"30 Seconds of Financial Awareness 
This Global Money Week, remember: small financial habits today can create a stronger future tomorrow.  
#GlobalMoneyWeek #EIFinancialAwareness #SmartMoneyMindset #EmiratesIslamic"
2055936366563787204,https://x.com/emiratesislamic/status/2055936366563787204,https://x.com/emiratesislamic,emiratesislamic,emiratesislamic,https://pbs.twimg.com/profile_images/1526452318874619904/yJhExjro_bigger.jpg,,"From bill payments to card controls, money transfers account updates and more, your banking is now simpler than ever. Access 200+ services instantly via the EI + Mobile Banking App.

Know more:
emiratesislamic.ae/en/person…","From bill payments to card controls, money transfers account updates and more, your banking is now simpler than ever. Access 200+ services instantly via the EI + Mobile Banking App.

Know more:
<a href=""https://www.emiratesislamic.ae/en/personal-banking/ways-to-bank/ei-plus-mobile-banking-app?utm_source=organic-twitter&amp;utm_medium=social&amp;utm_campaign=eiplus"">emiratesislamic.ae/en/person…</a>",False,,,19h,"May 17, 2026 · 9:00 AM UTC",2026-05-17T09:00:00Z,,['https://www.emiratesislamic.ae/en/personal-banking/ways-to-bank/ei-plus-mobile-banking-app?utm_source=organic-twitter&utm_medium=social&utm_campaign=eiplus'],1,0,0,96,EI,"From bill payments to card controls, money transfers account updates and more, your banking is now simpler than ever. Access 200+ services instantly via the EI + Mobile Banking App.

Know more:
emiratesislamic.ae/en/person…",,,"From bill payments to card controls, money transfers account updates and more, your banking is now simpler than ever. Access 200+ services instantly via the EI + Mobile Banking App.

Know more:
emiratesislamic.ae/en/person…"
2055936362482737177,https://x.com/emiratesislamic/status/2055936362482737177,https://x.com/emiratesislamic,emiratesislamic,emiratesislamic,https://pbs.twimg.com/profile_images/1526452318874619904/yJhExjro_bigger.jpg,,"From bill payments to card controls, money transfers account updates and more, your banking is now simpler than ever. Access 200+ services instantly via the EI + Mobile Banking App.

Know more:
https://t.co/AtJdSqIsez https://t.co/1LzxbsDCVf","من تسديد عدة فواتير إلى التحكم في البطاقات أو التحويلات المالية أو تحديث بيانات الحساب، أصبح بإمكانك الآن الوصول إلى أكثر من 200 خدمة فوراً عبر تطبيقEI+  لخدمات المصرفية عبر الهاتف المتحرك. للمزيد، زر.

لمعرفة المزيد، تفضل بزيارة:
<a href=""https://www.emiratesislamic.ae/ar/personal-banking/ways-to-bank/ei-plus-mobile-banking-app?utm_source=organic-twitter&amp;utm_medium=social&amp;utm_campaign=eiplus"">emiratesislamic.ae/ar/person…</a>",False,,,19h,"May 17, 2026 · 9:00 AM UTC",2026-05-17T09:00:00Z,,['https://www.emiratesislamic.ae/ar/personal-banking/ways-to-bank/ei-plus-mobile-banking-app?utm_source=organic-twitter&utm_medium=social&utm_campaign=eiplus'],1,0,2,192,EI,"من تسديد عدة فواتير إلى التحكم في البطاقات أو التحويلات المالية أو تحديث بيانات الحساب، أصبح بإمكانك الآن الوصول إلى أكثر من 200 خدمة فوراً عبر تطبيقEI+  لخدمات المصرفية عبر الهاتف المتحرك. للمزيد، زر.

لمعرفة المزيد، تفضل بزيارة:
emiratesislamic.ae/ar/person…",https://x.com/emiratesislamic/status/2055936362482737177,"From bill payments to card controls, money transfers account updates and more, your banking is now simpler than ever. Access 200+ services instantly via the EI + Mobile Banking App.

Know more:
https://t.co/AtJdSqIsez https://t.co/1LzxbsDCVf","From bill payments to card controls, money transfers account updates and more, your banking is now simpler than ever. Access 200+ services instantly via the EI + Mobile Banking App.

Know more:
https://t.co/AtJdSqIsez https://t.co/1LzxbsDCVf"
2055877978849005786,https://x.com/emiratesislamic/status/2055877978849005786,https://x.com/emiratesislamic,emiratesislamic,emiratesislamic,https://pbs.twimg.com/profile_images/1526452318874619904/yJhExjro_bigger.jpg,,"30 ثانية من الوعي المالي 
في أسبوع المال العالمي، تذكّر أن أبسط العادات المالية اليوم قد تصنع فرقاً كبيراً في مستقبلك.  
#أسبوع_المال_العالمي #نظرتك_المالية #التثقيف_المالي #الإمارات_الإسلامي https://t.co/6AcXjrjaFN","30 ثانية من الوعي المالي 
في أسبوع المال العالمي، تذكّر أن أبسط العادات المالية اليوم قد تصنع فرقاً كبيراً في مستقبلك.  
<a href=""/search?f=tweets&amp;q=%23أسبوع_المال_العالمي"">#أسبوع_المال_العالمي</a> <a href=""/search?f=tweets&amp;q=%23نظرتك_المالية"">#نظرتك_المالية</a> <a href=""/search?f=tweets&amp;q=%23التثقيف_المالي"">#التثقيف_المالي</a> <a href=""/search?f=tweets&amp;q=%23الإمارات_الإسلامي"">#الإمارات_الإسلامي</a>",False,,,22h,"May 17, 2026 · 5:08 AM UTC",2026-05-17T05:08:00Z,,"['https://x.com/search?f=tweets&q=%23أسبوع_المال_العالمي', 'https://x.com/search?f=tweets&q=%23نظرتك_المالية', 'https://x.com/search?f=tweets&q=%23التثقيف_المالي', 'https://x.com/search?f=tweets&q=%23الإمارات_الإسلامي']",1,0,2,95,EI,"30 ثانية من الوعي المالي 
في أسبوع المال العالمي، تذكّر أن أبسط العادات المالية اليوم قد تصنع فرقاً كبيراً في مستقبلك.  
#أسبوع_المال_العالمي #نظرتك_المالية #التثقيف_المالي #الإمارات_الإسلامي",https://x.com/emiratesislamic/status/2055877978849005786,"30 ثانية من الوعي المالي 
في أسبوع المال العالمي، تذكّر أن أبسط العادات المالية اليوم قد تصنع فرقاً كبيراً في مستقبلك.  
#أسبوع_المال_العالمي #نظرتك_المالية #التثقيف_المالي #الإمارات_الإسلامي https://t.co/6AcXjrjaFN","30 ثانية من الوعي المالي 
في أسبوع المال العالمي، تذكّر أن أبسط العادات المالية اليوم قد تصنع فرقاً كبيراً في مستقبلك.  
#أسبوع_المال_العالمي #نظرتك_المالية #التثقيف_المالي #الإمارات_الإسلامي https://t.co/6AcXjrjaFN"
