id,permalink,userUrl,author_name,fullname,avatar,verified,text,html,isRetweet,retweetedBy,replyingTo,relativeTime,displayTime,createdAt,images,links,comments,retweets,likes,Views,bank_ext,text_1,postUrl,replyText,text_v1,post,author_type,Sentiment,uae_time,ddmmyyyy,Bank,Bank_Name,post_highlights,Name_of_bank,year,replyingTo_clean,post_date,weekday_name
2051149273409143066,https://x.com/patilabhijeet45/status/2051149273409143066,https://x.com/patilabhijeet45,patilabhijeet45,abhijeet patil,https://pbs.twimg.com/profile_images/1383992370509668355/lHQxfCEH_bigger.jpg,,@EmiratesNBD_AE hello team need your assistance please dm.,I have sent an email.,False,,['EmiratesNBD_AE'],5m,"May 4, 2026 · 3:57 AM UTC",2026-05-04 03:57:00,,,0,0,0,2,ENBD,I have sent an email.,https://x.com/patilabhijeet45/status/2051149273409143066,@EmiratesNBD_AE hello team need your assistance please dm.,@EmiratesNBD_AE hello team need your assistance please dm.,"Hello team, I need your assistance, please direct message me.",Cust,Neutral,2026-05-04 07:57:00,2026-05-04,ENBD,1. Emirates NBD Bank (ENBD),"Hello team, I need your assistance, please direct message me.",Emirates NBD Bank (ENBD),2026,EmiratesNBD_AE,2026-05-04 07:57:00,Monday
2051134720344535096,https://x.com/ClapPakistan/status/2051134720344535096,https://x.com/ClapPakistan,ClapPakistan,Clap,https://pbs.twimg.com/profile_images/1813702655031562240/RuM4t2kR_bigger.jpg,,"Peshawar Zalmi Defeats Hyderabad Kingsmen to Win PSL 11 Final

The image is AI-generated and is just for reference.

#PSL11 #PSLFinal #PeshawarZalmi #HyderabadKingsmen https://t.co/2zhkzsurQv","Syed Saad Shafi is Director – Signature Banking at Emirates NBD in Dubai, specializing in wealth management and global investment strategies for high-net-worth clients, overseeing multi-billion dirham portfolios.

<a href=""/search?f=tweets&amp;q=%23ClapPakistan"">#ClapPakistan</a>",False,,,1h,"May 4, 2026 · 3:00 AM UTC",2026-05-04 03:00:00,,['https://x.com/search?f=tweets&q=%23ClapPakistan'],0,0,0,2,ENBD,"Syed Saad Shafi is Director – Signature Banking at Emirates NBD in Dubai, specializing in wealth management and global investment strategies for high-net-worth clients, overseeing multi-billion dirham portfolios.

#ClapPakistan",https://x.com/ClapPakistan/status/2051134720344535096,"Peshawar Zalmi Defeats Hyderabad Kingsmen to Win PSL 11 Final

The image is AI-generated and is just for reference.

#PSL11 #PSLFinal #PeshawarZalmi #HyderabadKingsmen https://t.co/2zhkzsurQv","Peshawar Zalmi Defeats Hyderabad Kingsmen to Win PSL 11 Final

The image is AI-generated and is just for reference.

#PSL11 #PSLFinal #PeshawarZalmi #HyderabadKingsmen https://t.co/2zhkzsurQv",Peshawar Zalmi defeats Hyderabad Kingsmen to win the PSL 11 final.,Cust,Neutral,2026-05-04 07:00:00,2026-05-04,ENBD,1. Emirates NBD Bank (ENBD),Peshawar Zalmi defeats Hyderabad Kingsmen to win the PSL 11 final.,Emirates NBD Bank (ENBD),2026,None,2026-05-04 07:00:00,Monday
2050981352871264409,https://x.com/TrioMsPaname/status/2050981352871264409,https://x.com/TrioMsPaname,TrioMsPaname,yiahhhh,https://pbs.twimg.com/profile_images/2043404881177006080/8Iry1NlJ_bigger.jpg,,"Dubai prouve que ni la religion ni les étrangers sont le problème d’un état. Dubai tient avec 90% d étrangers. Tout le monde se tien à carreau, j’ai vécu une expérience incroyable de service, de sécurité et de kif. Merci @EmiratesNBD_AE","Dubai prouve que ni la religion ni les étrangers sont le problème d’un état. Dubai tient avec 90% d étrangers. Tout le monde se tien à carreau, j’ai vécu une expérience incroyable de service, de sécurité et de kif. Merci <a href=""/EmiratesNBD_AE"" title=""Emirates NBD"">@EmiratesNBD_AE</a>",False,,,11h,"May 3, 2026 · 4:50 PM UTC",2026-05-03 16:50:00,,['https://x.com/EmiratesNBD_AE'],1,0,0,13,ENBD,"Dubai prouve que ni la religion ni les étrangers sont le problème d’un état. Dubai tient avec 90% d étrangers. Tout le monde se tien à carreau, j’ai vécu une expérience incroyable de service, de sécurité et de kif. Merci @EmiratesNBD_AE",https://x.com/TrioMsPaname/status/2050981352871264409,"Dubai prouve que ni la religion ni les étrangers sont le problème d’un état. Dubai tient avec 90% d étrangers. Tout le monde se tien à carreau, j’ai vécu une expérience incroyable de service, de sécurité et de kif. Merci @EmiratesNBD_AE","Dubai prouve que ni la religion ni les étrangers sont le problème d’un état. Dubai tient avec 90% d étrangers. Tout le monde se tien à carreau, j’ai vécu une expérience incroyable de service, de sécurité et de kif. Merci @EmiratesNBD_AE","Dubai proves that neither religion nor foreigners are the problem of a state. Dubai has 90% foreigners. Everyone behaves well; I had an incredible experience of service, security, and enjoyment. Thank you @EmiratesNBD_AE",Cust,Positive,2026-05-03 20:50:00,2026-05-03,ENBD,1. Emirates NBD Bank (ENBD),"Dubai proves that neither religion nor foreigners are the problem of a state. • Dubai has 90% foreigners. • Everyone behaves well; I had an incredible experience of service, security, and enjoyment.",Emirates NBD Bank (ENBD),2026,None,2026-05-03 20:50:00,Sunday
2050948913431990505,https://x.com/ConmanNickJ/status/2050948913431990505,https://x.com/ConmanNickJ,ConmanNickJ,conman Nick,https://pbs.twimg.com/profile_images/1945509816476094464/YIU-DVu4_bigger.jpg,,Yet the IRGC have been laundering billions through both the central bank and ENBD among other financial institutions in the UAE,Yet the IRGC have been laundering billions through both the central bank and ENBD among other financial institutions in the UAE,False,,"['NarcisW63452', 'amjadt25']",13h,"May 3, 2026 · 2:41 PM UTC",2026-05-03 14:41:00,,,0,0,0,8,ENBD,Yet the IRGC have been laundering billions through both the central bank and ENBD among other financial institutions in the UAE,,,Yet the IRGC have been laundering billions through both the central bank and ENBD among other financial institutions in the UAE,Yet the IRGC has been laundering billions through both the central bank and ENBD among other financial institutions in the UAE.,Cust,Neutral,2026-05-03 18:41:00,2026-05-03,ENBD,1. Emirates NBD Bank (ENBD),Yet the IRGC has been laundering billions through both the central bank and ENBD among other financial institutions in the UAE.,Emirates NBD Bank (ENBD),2026,"NarcisW63452, amjadt25",2026-05-03 18:41:00,Sunday
2050919285036360149,https://x.com/Professor502/status/2050919285036360149,https://x.com/Professor502,Professor502,Saad,https://pbs.twimg.com/profile_images/1908889888478425088/ezst5JDu_bigger.jpg,,ردو على الخاص لو سمحت,ردو على الخاص لو سمحت,False,,['EmiratesNBD_KSA'],15h,"May 3, 2026 · 12:43 PM UTC",2026-05-03 12:43:00,,,0,0,0,14,ENBD,ردو على الخاص لو سمحت,,,ردو على الخاص لو سمحت,"Please reply in private, if you don't mind.",Cust,Neutral,2026-05-03 16:43:00,2026-05-03,ENBD,1. Emirates NBD Bank (ENBD),"Please reply in private, if you don't mind.",Emirates NBD Bank (ENBD),2026,EmiratesNBD_KSA,2026-05-03 16:43:00,Sunday
2050908749720703120,https://x.com/abotameem430/status/2050908749720703120,https://x.com/abotameem430,abotameem430,Fahad,https://pbs.twimg.com/profile_images/1780850701616242688/Ikq26ySl_bigger.jpg,,ارغب بالاتصال,ارغب بالاتصال,False,,['EmiratesNBD_AE'],16h,"May 3, 2026 · 12:02 PM UTC",2026-05-03 12:02:00,,,0,0,0,3,ENBD,ارغب بالاتصال,,,ارغب بالاتصال,I would like to make a call.,Cust,Neutral,2026-05-03 16:02:00,2026-05-03,ENBD,1. Emirates NBD Bank (ENBD),I would like to make a call.,Emirates NBD Bank (ENBD),2026,EmiratesNBD_AE,2026-05-03 16:02:00,Sunday
2050881500527415748,https://x.com/MahtabAbbasi11/status/2050881500527415748,https://x.com/MahtabAbbasi11,MahtabAbbasi11,Mahtab Abbasi,https://pbs.twimg.com/profile_images/2042928635620081664/TSR-bQI9_bigger.jpg,,"Emirates NBD to settle Visa payments in UAE dirhams, a major shift for daily transactions","Emirates NBD to settle Visa payments in UAE dirhams, a major shift for daily transactions",False,,,17h,"May 3, 2026 · 10:13 AM UTC",2026-05-03 10:13:00,,,0,0,0,23,ENBD,"Emirates NBD to settle Visa payments in UAE dirhams, a major shift for daily transactions",,,"Emirates NBD to settle Visa payments in UAE dirhams, a major shift for daily transactions","Emirates NBD to settle Visa payments in UAE dirhams, a major shift for daily transactions.",Cust,Neutral,2026-05-03 14:13:00,2026-05-03,ENBD,1. Emirates NBD Bank (ENBD),"Emirates NBD to settle Visa payments in UAE dirhams, a major shift for daily transactions.",Emirates NBD Bank (ENBD),2026,None,2026-05-03 14:13:00,Sunday
2050877343745388916,https://x.com/t_Abdulraahman/status/2050877343745388916,https://x.com/t_Abdulraahman,t_Abdulraahman,T.Abdulrahman,https://pbs.twimg.com/profile_images/1653777797888843776/NhAjroqA_bigger.jpg,,"@EmiratesNBD_AE طلبت بطاقة مزيد بحد مالي محدد 
و وصلتني البطاقه بحد مالي عالي جداً ! كيف ممكن اقلل الحد اقدر او لا لاني مافعلت الى الان","<a href=""/EmiratesNBD_AE"" title=""Emirates NBD"">@EmiratesNBD_AE</a> طلبت بطاقة مزيد بحد مالي محدد 
و وصلتني البطاقه بحد مالي عالي جداً ! كيف ممكن اقلل الحد اقدر او لا لاني مافعلت الى الان",False,,,18h,"May 3, 2026 · 9:57 AM UTC",2026-05-03 09:57:00,,['https://x.com/EmiratesNBD_AE'],1,0,0,12,ENBD,"@EmiratesNBD_AE طلبت بطاقة مزيد بحد مالي محدد 
و وصلتني البطاقه بحد مالي عالي جداً ! كيف ممكن اقلل الحد اقدر او لا لاني مافعلت الى الان",,,"@EmiratesNBD_AE طلبت بطاقة مزيد بحد مالي محدد 
و وصلتني البطاقه بحد مالي عالي جداً ! كيف ممكن اقلل الحد اقدر او لا لاني مافعلت الى الان","I requested a Mazid card with a specific credit limit, and I received the card with a very high limit! How can I reduce the limit? Can I do that since I haven't activated it yet?",Cust,Neutral,2026-05-03 13:57:00,2026-05-03,ENBD,1. Emirates NBD Bank (ENBD),"I requested a Mazid card with a specific credit limit, and I received the card with a very high limit! • How can I reduce the limit? • Can I do that since I haven't activated it yet?",Emirates NBD Bank (ENBD),2026,None,2026-05-03 13:57:00,Sunday
2050855805600092255,https://x.com/gulf_news/status/2050855805600092255,https://x.com/gulf_news,gulf_news,Gulf News,https://pbs.twimg.com/profile_images/2044041782519050242/muvl0wJC_bigger.jpg,,"Whether you're paying your bills, transferring money within the UAE, sending it abroad or exchanging currencies, Emirates NBD makes it simple and secure through the ENBD X app.
#transfers #payments #DirectRemit #Aani #currencies #travel #GlobalCash

https://t.co/JhadMTFApo https://t.co/WHukK5bQyz","Emirates NBD to settle Visa payments in UAE dirhams, a major shift for daily transactions <a href=""https://mrf.lu/FJY3"">mrf.lu/FJY3</a>",False,,,19h,"May 3, 2026 · 8:31 AM UTC",2026-05-03 08:31:00,,['https://mrf.lu/FJY3'],0,2,32,3733,ENBD,"Emirates NBD to settle Visa payments in UAE dirhams, a major shift for daily transactions mrf.lu/FJY3",https://x.com/gulf_news/status/2050855805600092255,"Whether you're paying your bills, transferring money within the UAE, sending it abroad or exchanging currencies, Emirates NBD makes it simple and secure through the ENBD X app.
#transfers #payments #DirectRemit #Aani #currencies #travel #GlobalCash

https://t.co/JhadMTFApo https://t.co/WHukK5bQyz","Whether you're paying your bills, transferring money within the UAE, sending it abroad or exchanging currencies, Emirates NBD makes it simple and secure through the ENBD X app.
#transfers #payments #DirectRemit #Aani #currencies #travel #GlobalCash

https://t.co/JhadMTFApo https://t.co/WHukK5bQyz","Whether you're paying your bills, transferring money within the UAE, sending it abroad, or exchanging currencies, Emirates NBD makes it simple and secure through the ENBD X app.",Cust,Positive,2026-05-03 12:31:00,2026-05-03,ENBD,1. Emirates NBD Bank (ENBD),"Whether you're paying your bills, transferring money within the UAE, sending it abroad, or exchanging currencies, Emirates NBD makes it simple and secure through the ENBD X app.",Emirates NBD Bank (ENBD),2026,None,2026-05-03 12:31:00,Sunday
2050845248088055847,https://x.com/z6894890/status/2050845248088055847,https://x.com/z6894890,z6894890,Femal,https://pbs.twimg.com/abs.twimg.com/sticky/default_profile_images/default_profile_bigger.png,,@EmiratesNBD_AE ابي وظيفه باي فرع من اللي بالرياض,"<a href=""/EmiratesNBD_AE"" title=""Emirates NBD"">@EmiratesNBD_AE</a> ابي وظيفه باي فرع من اللي بالرياض",False,,,20h,"May 3, 2026 · 7:49 AM UTC",2026-05-03 07:49:00,,['https://x.com/EmiratesNBD_AE'],1,0,0,14,ENBD,@EmiratesNBD_AE ابي وظيفه باي فرع من اللي بالرياض,https://x.com/z6894890/status/2050845248088055847,@EmiratesNBD_AE ابي وظيفه باي فرع من اللي بالرياض,@EmiratesNBD_AE ابي وظيفه باي فرع من اللي بالرياض,I want a job at any branch in Riyadh.,Cust,Neutral,2026-05-03 11:49:00,2026-05-03,ENBD,1. Emirates NBD Bank (ENBD),I want a job at any branch in Riyadh.,Emirates NBD Bank (ENBD),2026,None,2026-05-03 11:49:00,Sunday
2050841752987136094,https://x.com/FintechGate1/status/2050841752987136094,https://x.com/FintechGate1,FintechGate1,FinTech Gate-بوابة التكنولوجيا المالية,https://pbs.twimg.com/profile_images/1630704388531470336/_2WZb_12_bigger.jpg,,"Emirates NBD Egypt Releases Its Third Sustainability Report, Reporting Strong Profit Growth and a Strategic Shift Toward Renewable Energy

 https://t.co/zMJRGwIJEz  | details 

#fintech_gate
#Emirates_NBD_Egypt_Releases https://t.co/JnNoI8ViAd","Emirates NBD Egypt Releases Its Third Sustainability Report, Reporting Strong Profit Growth and a Strategic Shift Toward Renewable Energy

 <a href=""https://fintechgate.net/rhb4"">fintechgate.net/rhb4</a>  | details 

<a href=""/search?f=tweets&amp;q=%23fintech_gate"">#fintech_gate</a>
<a href=""/search?f=tweets&amp;q=%23Emirates_NBD_Egypt_Releases"">#Emirates_NBD_Egypt_Releases</a>",False,,,20h,"May 3, 2026 · 7:35 AM UTC",2026-05-03 07:35:00,,"['https://fintechgate.net/rhb4', 'https://x.com/search?f=tweets&q=%23fintech_gate', 'https://x.com/search?f=tweets&q=%23Emirates_NBD_Egypt_Releases']",0,0,0,9,ENBD,"Emirates NBD Egypt Releases Its Third Sustainability Report, Reporting Strong Profit Growth and a Strategic Shift Toward Renewable Energy

 fintechgate.net/rhb4  | details 

#fintech_gate
#Emirates_NBD_Egypt_Releases",https://x.com/FintechGate1/status/2050841752987136094,"Emirates NBD Egypt Releases Its Third Sustainability Report, Reporting Strong Profit Growth and a Strategic Shift Toward Renewable Energy

 https://t.co/zMJRGwIJEz  | details 

#fintech_gate
#Emirates_NBD_Egypt_Releases https://t.co/JnNoI8ViAd","Emirates NBD Egypt Releases Its Third Sustainability Report, Reporting Strong Profit Growth and a Strategic Shift Toward Renewable Energy

 https://t.co/zMJRGwIJEz  | details 

#fintech_gate
#Emirates_NBD_Egypt_Releases https://t.co/JnNoI8ViAd","Emirates NBD Egypt Releases Its Third Sustainability Report, Reporting Strong Profit Growth and a Strategic Shift Toward Renewable Energy",Cust,Positive,2026-05-03 11:35:00,2026-05-03,ENBD,1. Emirates NBD Bank (ENBD),"Emirates NBD Egypt Releases Its Third Sustainability Report, Reporting Strong Profit Growth and a Strategic Shift Toward Renewable Energy",Emirates NBD Bank (ENBD),2026,None,2026-05-03 11:35:00,Sunday
2050809333848342901,https://x.com/abotameem430/status/2050809333848342901,https://x.com/abotameem430,abotameem430,Fahad,https://pbs.twimg.com/profile_images/1780850701616242688/Ikq26ySl_bigger.jpg,,"Apply smarter, faster, and hassle-free.
With our Straight Through Processing (STP) journey, complete your application in minutes—no delays.

Watch how easy it is to get started.
 
Apply Now: https://t.co/aeh8nbj5gC https://t.co/y7g1WeVQ6R",اريد تمويل وارغب بالاتصال,False,,['EmiratesNBD_AE'],22h,"May 3, 2026 · 5:27 AM UTC",2026-05-03 05:27:00,,,1,0,0,19,ENBD,اريد تمويل وارغب بالاتصال,https://x.com/abotameem430/status/2050809333848342901,"Apply smarter, faster, and hassle-free.
With our Straight Through Processing (STP) journey, complete your application in minutes—no delays.

Watch how easy it is to get started.
 
Apply Now: https://t.co/aeh8nbj5gC https://t.co/y7g1WeVQ6R","Apply smarter, faster, and hassle-free.
With our Straight Through Processing (STP) journey, complete your application in minutes—no delays.

Watch how easy it is to get started.
 
Apply Now: https://t.co/aeh8nbj5gC https://t.co/y7g1WeVQ6R","Apply smarter, faster, and hassle-free. With our Straight Through Processing (STP) journey, complete your application in minutes—no delays. Watch how easy it is to get started. Apply Now: https://t.co/aeh8nbj5gC https://t.co/y7g1WeVQ6R",Cust,Positive,2026-05-03 09:27:00,2026-05-03,ENBD,1. Emirates NBD Bank (ENBD),"Apply Now: https://t.co/aeh8nbj5gC https://t.co/y7g1WeVQ6R • With our Straight Through Processing (STP) journey, complete your application in minutes—no delays. • Apply smarter, faster, and hassle-free.",Emirates NBD Bank (ENBD),2026,EmiratesNBD_AE,2026-05-03 09:27:00,Sunday
2050807726507516194,https://x.com/uaefintechvibes/status/2050807726507516194,https://x.com/uaefintechvibes,uaefintechvibes,UAE Fintechvibes,https://pbs.twimg.com/profile_images/2003525276207333376/SpeiZyat_bigger.jpg,,"Ziina and @shamssmc have partnered to integrate advanced digital financial solutions directly into Sharjah’s creative business ecosystem.

Read more: https://t.co/VrIYgQm2sy

#digitalfinancialsolutions #uaepayments https://t.co/4m9BNOOUxb","UAE Fintech News this week

<a href=""/takeem_ai"" title=""Takeem.ai"">@takeem_ai</a> <a href=""/CashewPayments"" title=""Cashew"">@CashewPayments</a> <a href=""/shamssmc"" title=""Sharjah Media City"">@shamssmc</a> <a href=""/EmiratesNBD_AE"" title=""Emirates NBD"">@EmiratesNBD_AE</a> <a href=""/MashreqTweets"" title=""Mashreq"">@MashreqTweets</a> <a href=""/OfficialADCB"" title=""ADCB بنك أبوظبي التجاري"">@OfficialADCB</a> <a href=""/comfi_ai"" title=""Comfi"">@comfi_ai</a> 

<a href=""/search?f=tweets&amp;q=%23digitalpayments"">#digitalpayments</a> <a href=""/search?f=tweets&amp;q=%23uaefintech"">#uaefintech</a> <a href=""/search?f=tweets&amp;q=%23proptech"">#proptech</a>",False,,,22h,"May 3, 2026 · 5:20 AM UTC",2026-05-03 05:20:00,,"['https://x.com/takeem_ai', 'https://x.com/CashewPayments', 'https://x.com/shamssmc', 'https://x.com/EmiratesNBD_AE', 'https://x.com/MashreqTweets', 'https://x.com/OfficialADCB', 'https://x.com/comfi_ai', 'https://x.com/search?f=tweets&q=%23digitalpayments', 'https://x.com/search?f=tweets&q=%23uaefintech', 'https://x.com/search?f=tweets&q=%23proptech']",0,1,1,17,ENBD,"UAE Fintech News this week

@takeem_ai @CashewPayments @shamssmc @EmiratesNBD_AE @MashreqTweets @OfficialADCB @comfi_ai 

#digitalpayments #uaefintech #proptech",https://x.com/uaefintechvibes/status/2050807726507516194,"Ziina and @shamssmc have partnered to integrate advanced digital financial solutions directly into Sharjah’s creative business ecosystem.

Read more: https://t.co/VrIYgQm2sy

#digitalfinancialsolutions #uaepayments https://t.co/4m9BNOOUxb","Ziina and @shamssmc have partnered to integrate advanced digital financial solutions directly into Sharjah’s creative business ecosystem.

Read more: https://t.co/VrIYgQm2sy

#digitalfinancialsolutions #uaepayments https://t.co/4m9BNOOUxb",Ziina and @shamssmc have partnered to integrate advanced digital financial solutions directly into Sharjah’s creative business ecosystem.,Cust,Neutral,2026-05-03 09:20:00,2026-05-03,ENBD,1. Emirates NBD Bank (ENBD),Ziina and @shamssmc have partnered to integrate advanced digital financial solutions directly into Sharjah’s creative business ecosystem.,Emirates NBD Bank (ENBD),2026,None,2026-05-03 09:20:00,Sunday
2050785564182392905,https://x.com/EmiratesNBD_AE/status/2050785564182392905,https://x.com/EmiratesNBD_AE,EmiratesNBD_AE,Emirates NBD,https://pbs.twimg.com/profile_images/2042294543308242946/ScvMjarh_bigger.jpg,,"Whether you're paying your bills, transferring money within the UAE, sending it abroad or exchanging currencies, Emirates NBD makes it simple and secure through the ENBD X app.
#transfers #payments #DirectRemit #Aani #currencies #travel #GlobalCash

emiratesnbd.com/en/foreign-e…","Whether you&#39;re paying your bills, transferring money within the UAE, sending it abroad or exchanging currencies, Emirates NBD makes it simple and secure through the ENBD X app.
<a href=""/search?f=tweets&amp;q=%23transfers"">#transfers</a> <a href=""/search?f=tweets&amp;q=%23payments"">#payments</a> <a href=""/search?f=tweets&amp;q=%23DirectRemit"">#DirectRemit</a> <a href=""/search?f=tweets&amp;q=%23Aani"">#Aani</a> <a href=""/search?f=tweets&amp;q=%23currencies"">#currencies</a> <a href=""/search?f=tweets&amp;q=%23travel"">#travel</a> <a href=""/search?f=tweets&amp;q=%23GlobalCash"">#GlobalCash</a>

<a href=""https://www.emiratesnbd.com/en/foreign-exchange"">emiratesnbd.com/en/foreign-e…</a>",False,,,May 3,"May 3, 2026 · 3:52 AM UTC",2026-05-03 03:52:00,,"['https://x.com/search?f=tweets&q=%23transfers', 'https://x.com/search?f=tweets&q=%23payments', 'https://x.com/search?f=tweets&q=%23DirectRemit', 'https://x.com/search?f=tweets&q=%23Aani', 'https://x.com/search?f=tweets&q=%23currencies', 'https://x.com/search?f=tweets&q=%23travel', 'https://x.com/search?f=tweets&q=%23GlobalCash', 'https://www.emiratesnbd.com/en/foreign-exchange']",0,1,15,1912,ENBD,"Whether you're paying your bills, transferring money within the UAE, sending it abroad or exchanging currencies, Emirates NBD makes it simple and secure through the ENBD X app.
#transfers #payments #DirectRemit #Aani #currencies #travel #GlobalCash

emiratesnbd.com/en/foreign-e…",,,"Whether you're paying your bills, transferring money within the UAE, sending it abroad or exchanging currencies, Emirates NBD makes it simple and secure through the ENBD X app.
#transfers #payments #DirectRemit #Aani #currencies #travel #GlobalCash

emiratesnbd.com/en/foreign-e…","Whether you're paying your bills, transferring money within the UAE, sending it abroad, or exchanging currencies, Emirates NBD makes it simple and secure through the ENBD X app.",Bank,Positive,2026-05-03 07:52:00,2026-05-03,ENBD,1. Emirates NBD Bank (ENBD),"Whether you're paying your bills, transferring money within the UAE, sending it abroad, or exchanging currencies, Emirates NBD makes it simple and secure through the ENBD X app.",Emirates NBD Bank (ENBD),2026,None,2026-05-03 07:52:00,Sunday
2050908234156744921,https://x.com/emiratesislamic/status/2050908234156744921,https://x.com/emiratesislamic,emiratesislamic,emiratesislamic,https://pbs.twimg.com/profile_images/1526452318874619904/yJhExjro_bigger.jpg,,"Open a Digital Wealth Account instantly to enjoy a complete suite of Shariah-compliant global investments. Get access to International & UAE stocks as well as Global Mutual Funds.

Download the EI + Mobile Banking App today.","Open a Digital Wealth Account instantly to enjoy a complete suite of Shariah-compliant global investments. Get access to International &amp; UAE stocks as well as Global Mutual Funds.

Download the EI + Mobile Banking App today.",False,,,16h,"May 3, 2026 · 12:00 PM UTC",2026-05-03 12:00:00,,,0,0,1,67,EI,"Open a Digital Wealth Account instantly to enjoy a complete suite of Shariah-compliant global investments. Get access to International & UAE stocks as well as Global Mutual Funds.

Download the EI + Mobile Banking App today.",,,"Open a Digital Wealth Account instantly to enjoy a complete suite of Shariah-compliant global investments. Get access to International & UAE stocks as well as Global Mutual Funds.

Download the EI + Mobile Banking App today.","Open a Digital Wealth Account instantly to enjoy a complete suite of Shariah-compliant global investments. Get access to international and UAE stocks as well as global mutual funds.

Download the EI + Mobile Banking App today.",Bank,Positive,2026-05-03 16:00:00,2026-05-03,EI,2. Emirates Islamic Bank (EIB),Open a Digital Wealth Account instantly to enjoy a complete suite of Shariah-compliant global investments. • Get access to international and UAE stocks as well as global mutual funds. • Download the EI + Mobile Banking App today.,Emirates Islamic Bank (EIB),2026,None,2026-05-03 16:00:00,Sunday
2050908231610863903,https://x.com/emiratesislamic/status/2050908231610863903,https://x.com/emiratesislamic,emiratesislamic,emiratesislamic,https://pbs.twimg.com/profile_images/1526452318874619904/yJhExjro_bigger.jpg,,"ابدأ بفتح حساب ""الثروات الرقمية"" على الفور للوصول إلى مجموعة كاملة من الاستثمارات العالمية المتوافقة مع أحكام الشريعة الإسلامية. احصل على إمكانية التداول في الأسهم الدولية والمحلية بالإضافة إلى صناديق الاستثمار العالمية.

قم بتحميل تطبيق + EI للخدمات المصرفية عبر الهاتف المتحرك.","ابدأ بفتح حساب &#34;الثروات الرقمية&#34; على الفور للوصول إلى مجموعة كاملة من الاستثمارات العالمية المتوافقة مع أحكام الشريعة الإسلامية. احصل على إمكانية التداول في الأسهم الدولية والمحلية بالإضافة إلى صناديق الاستثمار العالمية.

قم بتحميل تطبيق + EI للخدمات المصرفية عبر الهاتف المتحرك.",False,,,16h,"May 3, 2026 · 12:00 PM UTC",2026-05-03 12:00:00,,,1,0,3,136,EI,"ابدأ بفتح حساب ""الثروات الرقمية"" على الفور للوصول إلى مجموعة كاملة من الاستثمارات العالمية المتوافقة مع أحكام الشريعة الإسلامية. احصل على إمكانية التداول في الأسهم الدولية والمحلية بالإضافة إلى صناديق الاستثمار العالمية.

قم بتحميل تطبيق + EI للخدمات المصرفية عبر الهاتف المتحرك.",,,"ابدأ بفتح حساب ""الثروات الرقمية"" على الفور للوصول إلى مجموعة كاملة من الاستثمارات العالمية المتوافقة مع أحكام الشريعة الإسلامية. احصل على إمكانية التداول في الأسهم الدولية والمحلية بالإضافة إلى صناديق الاستثمار العالمية.

قم بتحميل تطبيق + EI للخدمات المصرفية عبر الهاتف المتحرك.","Start by opening a ""Digital Wealth"" account immediately to access a full range of global investments compliant with Islamic law. Get the ability to trade in international and local stocks as well as global investment funds.

Download the + EI mobile banking app.",Bank,Positive,2026-05-03 16:00:00,2026-05-03,EI,2. Emirates Islamic Bank (EIB),"Start by opening a ""Digital Wealth"" account immediately to access a full range of global investments compliant with Islamic law. • Get the ability to trade in international and local stocks as well as global investment funds. • Download the + EI mobile banking app.",Emirates Islamic Bank (EIB),2026,None,2026-05-03 16:00:00,Sunday
2051003496439427421,https://x.com/KaharUmesh/status/2051003496439427421,https://x.com/KaharUmesh,KaharUmesh,Umesh R Kahar,https://pbs.twimg.com/profile_images/962204603965214722/wZzbG0I__bigger.jpg,,"@EmiratesNBD_AE Such unfair charges for doing transactions at Binance Crypto whereas no other bank charge for it. 
After multiple followups these charges are reversed. Kindly look into it or will file a complaint with @centralbankuae

Reference:
https://t.co/BcgwdgmQQQ","<a href=""/EmiratesNBD_AE"" title=""Emirates NBD"">@EmiratesNBD_AE</a> Such unfair charges for doing transactions at Binance Crypto whereas no other bank charge for it. 
After multiple followups these charges are reversed. Kindly look into it or will file a complaint with <a href=""/centralbankuae"" title=""Central Bank of the UAE"">@centralbankuae</a>

Reference:
<a href=""https://gulfnews.com/uae/reader-complaints/uae-unwanted-cash-advance-fee-of-dh99-for-purchasing-crypto-currency-online-1.1672390194506"">gulfnews.com/uae/reader-comp…</a>",False,,,9h,"May 3, 2026 · 6:18 PM UTC",2026-05-03 18:18:00,,"['https://x.com/EmiratesNBD_AE', 'https://x.com/centralbankuae', 'https://gulfnews.com/uae/reader-complaints/uae-unwanted-cash-advance-fee-of-dh99-for-purchasing-crypto-currency-online-1.1672390194506']",0,0,0,12,ENBD,"@EmiratesNBD_AE Such unfair charges for doing transactions at Binance Crypto whereas no other bank charge for it. 
After multiple followups these charges are reversed. Kindly look into it or will file a complaint with @centralbankuae

Reference:
gulfnews.com/uae/reader-comp…",https://x.com/KaharUmesh/status/2051003496439427421,"@EmiratesNBD_AE Such unfair charges for doing transactions at Binance Crypto whereas no other bank charge for it. 
After multiple followups these charges are reversed. Kindly look into it or will file a complaint with @centralbankuae

Reference:
https://t.co/BcgwdgmQQQ","@EmiratesNBD_AE Such unfair charges for doing transactions at Binance Crypto whereas no other bank charge for it. 
After multiple followups these charges are reversed. Kindly look into it or will file a complaint with @centralbankuae

Reference:
https://t.co/BcgwdgmQQQ","Such unfair charges for doing transactions at Binance Crypto whereas no other bank charges for it. After multiple follow-ups, these charges are reversed. Kindly look into it or I will file a complaint with @centralbankuae.",Cust,Negative,2026-05-03 22:18:00,2026-05-03,ENBD,1. Emirates NBD Bank (ENBD),"Such unfair charges for doing transactions at Binance Crypto whereas no other bank charges for it. • After multiple follow-ups, these charges are reversed. • Kindly look into it or I will file a complaint with @centralbankuae.",Emirates NBD Bank (ENBD),2026,None,2026-05-03 22:18:00,Sunday
2050976036028919856,https://x.com/Nidhinkn/status/2050976036028919856,https://x.com/Nidhinkn,Nidhinkn,Nidhin,https://pbs.twimg.com/profile_images/862744582882308096/PYF7ziU7_bigger.jpg,,I am using @EmiratesNBD_KSA InfiniteCard for 3years. On 01/02/2026 I made a Purchase of 100$ as per the rule of VisaAirportComp @VisaCEMEA to avail LoungeAccess. #ENBD never notified me about the monthly spend req of SAR 3000. They charged me 460 SAR @SAMA_GOV @EmiratesNBD_AE https://t.co/wlpy5fYt7z,"No update from your team. No update from anyone from <a href=""/EmiratesNBD_KSA"" title=""Emirates NBD KSA"">@EmiratesNBD_KSA</a> 
Now I will escalate it to <a href=""/SAMA_GOV"" title=""SAMA | البنك المركزي السعودي"">@SAMA_GOV</a>",False,,['EmiratesNBD_KSA'],11h,"May 3, 2026 · 4:29 PM UTC",2026-05-03 16:29:00,,"['https://x.com/EmiratesNBD_KSA', 'https://x.com/SAMA_GOV']",0,0,0,4,ENBD,"No update from your team. No update from anyone from @EmiratesNBD_KSA 
Now I will escalate it to @SAMA_GOV",https://x.com/Nidhinkn/status/2050976036028919856,I am using @EmiratesNBD_KSA InfiniteCard for 3years. On 01/02/2026 I made a Purchase of 100$ as per the rule of VisaAirportComp @VisaCEMEA to avail LoungeAccess. #ENBD never notified me about the monthly spend req of SAR 3000. They charged me 460 SAR @SAMA_GOV @EmiratesNBD_AE https://t.co/wlpy5fYt7z,I am using @EmiratesNBD_KSA InfiniteCard for 3years. On 01/02/2026 I made a Purchase of 100$ as per the rule of VisaAirportComp @VisaCEMEA to avail LoungeAccess. #ENBD never notified me about the monthly spend req of SAR 3000. They charged me 460 SAR @SAMA_GOV @EmiratesNBD_AE https://t.co/wlpy5fYt7z,"I have been using the @EmiratesNBD_KSA InfiniteCard for 3 years. On 01/02/2026, I made a purchase of $100 according to the rule of VisaAirportComp @VisaCEMEA to avail Lounge Access. #ENBD never notified me about the monthly spending requirement of SAR 3000. They charged me 460 SAR @SAMA_GOV @EmiratesNBD_AE https://t.co/wlpy5fYt7z",Cust,Negative,2026-05-03 20:29:00,2026-05-03,ENBD,1. Emirates NBD Bank (ENBD),"On 01/02/2026, I made a purchase of $100 according to the rule of VisaAirportComp @VisaCEMEA to avail Lounge Access. • They charged me 460 SAR @SAMA_GOV @EmiratesNBD_AE https://t.co/wlpy5fYt7z • #ENBD never notified me about the monthly spending requirement of SAR 3000.",Emirates NBD Bank (ENBD),2026,EmiratesNBD_KSA,2026-05-03 20:29:00,Sunday
