id,permalink,userUrl,author_name,fullname,avatar,verified,text,html,isRetweet,retweetedBy,replyingTo,relativeTime,displayTime,createdAt,images,links,comments,retweets,likes,Views,bank_ext,text_1,postUrl,replyText,text_v1,post,posttype,Sentiment,uae_time,ddmmyyyy
2051475218783158326,https://x.com/STKgenghis/status/2051475218783158326,https://x.com/STKgenghis,STKgenghis,khana-b-dosh,https://pbs.twimg.com/profile_images/1243248207293026305/b_s7UBzl_bigger.jpg,,"Open an Emirates NBD Millionaire Account to be the next winner, with over 1,400 cash prizes worth AED 50,000,000.

- Monthly prizes up to AED 1,000,000
- Grand prizes up to AED 5,000,000

Dedicated prizes for Emiratis, expats, and businesses 🇦🇪","Update. 

Received email from your social medium team saying &#34;Dear,
Kindly note that the account is not active.&#34;

No name. My account is active. Not sure what this cryptic email meant.",False,,['EmiratesNBD_AE'],1h,"May 5, 2026 · 1:33 AM UTC",2026-05-05 01:33:00+00:00,,,0,0,0,1,ENBD,"Update. 

Received email from your social medium team saying ""Dear,
Kindly note that the account is not active.""

No name. My account is active. Not sure what this cryptic email meant.",https://x.com/STKgenghis/status/2051475218783158326,"Open an Emirates NBD Millionaire Account to be the next winner, with over 1,400 cash prizes worth AED 50,000,000.

- Monthly prizes up to AED 1,000,000
- Grand prizes up to AED 5,000,000

Dedicated prizes for Emiratis, expats, and businesses 🇦🇪","Open an Emirates NBD Millionaire Account to be the next winner, with over 1,400 cash prizes worth AED 50,000,000.

- Monthly prizes up to AED 1,000,000
- Grand prizes up to AED 5,000,000

Dedicated prizes for Emiratis, expats, and businesses 🇦🇪","Open an Emirates NBD Millionaire Account to be the next winner, with over 1,400 cash prizes worth AED 50,000,000. 

- Monthly prizes up to AED 1,000,000 
- Grand prizes up to AED 5,000,000 

Dedicated prizes for Emiratis, expats, and businesses.",Cust,Positive,2026-05-05 05:33:00+04:00,2026-05-05
2051396418695578094,https://x.com/Muhamma38929354/status/2051396418695578094,https://x.com/Muhamma38929354,Muhamma38929354,Muhammad Usman,https://pbs.twimg.com/profile_images/1983485239554097152/bfvpy8sg_bigger.jpg,,"Millionaire account limited-time offer

Increase your balance and multiply your chances to win from AED 50,000,000 in cash prizes. Boost your balance today.",On which date of the month is the draw held?,False,,['EmiratesNBD_AE'],6h,"May 4, 2026 · 8:19 PM UTC",2026-05-04 20:19:00+00:00,,,0,0,0,1,ENBD,On which date of the month is the draw held?,https://x.com/Muhamma38929354/status/2051396418695578094,"Millionaire account limited-time offer

Increase your balance and multiply your chances to win from AED 50,000,000 in cash prizes. Boost your balance today.","Millionaire account limited-time offer

Increase your balance and multiply your chances to win from AED 50,000,000 in cash prizes. Boost your balance today.","Millionaire account limited-time offer

Increase your balance and multiply your chances to win from AED 50,000,000 in cash prizes. Boost your balance today.",Cust,Positive,2026-05-05 00:19:00+04:00,2026-05-05
2051370896619974704,https://x.com/patilabhijeet45/status/2051370896619974704,https://x.com/patilabhijeet45,patilabhijeet45,abhijeet patil,https://pbs.twimg.com/profile_images/1383992370509668355/lHQxfCEH_bigger.jpg,,@EmiratesNBD_AE hello team need your assistance please dm.,"Dear <a href=""/EmiratesNBD_AE"" title=""Emirates NBD"">@EmiratesNBD_AE</a>  thank you very much for your assistance, really appreciate 🙏.",False,,['EmiratesNBD_AE'],8h,"May 4, 2026 · 6:38 PM UTC",2026-05-04 18:38:00+00:00,,['https://x.com/EmiratesNBD_AE'],0,0,0,8,ENBD,"Dear @EmiratesNBD_AE  thank you very much for your assistance, really appreciate 🙏.",https://x.com/patilabhijeet45/status/2051370896619974704,@EmiratesNBD_AE hello team need your assistance please dm.,@EmiratesNBD_AE hello team need your assistance please dm.,"Hello team, I need your assistance, please direct message me.",Cust,Neutral,2026-05-04 22:38:00+04:00,2026-05-04
2051364056217374823,https://x.com/hisho25/status/2051364056217374823,https://x.com/hisho25,hisho25,H,https://pbs.twimg.com/profile_images/1609939487995346951/jwOMR5WV_bigger.jpg,,"لا تشيل هم الفاتورة 🤩
مع 5% كاش باك على مقاضي السوبر ماركت مع بطاقة مزيد الائتمانية من #بنك_الإمارات_دبي_الوطني 👌🏼💙

للتفاصيل:https://t.co/oJpg7cbDbn https://t.co/cWHpRlVIyY",ماجاني شي على الخاص,False,,['EmiratesNBD_KSA'],8h,"May 4, 2026 · 6:11 PM UTC",2026-05-04 18:11:00+00:00,,,1,0,0,17,ENBD,ماجاني شي على الخاص,https://x.com/hisho25/status/2051364056217374823,"لا تشيل هم الفاتورة 🤩
مع 5% كاش باك على مقاضي السوبر ماركت مع بطاقة مزيد الائتمانية من #بنك_الإمارات_دبي_الوطني 👌🏼💙

للتفاصيل:https://t.co/oJpg7cbDbn https://t.co/cWHpRlVIyY","لا تشيل هم الفاتورة 🤩
مع 5% كاش باك على مقاضي السوبر ماركت مع بطاقة مزيد الائتمانية من #بنك_الإمارات_دبي_الوطني 👌🏼💙

للتفاصيل:https://t.co/oJpg7cbDbn https://t.co/cWHpRlVIyY",Don't worry about the bill 🤩 With 5% cashback on supermarket purchases using the Mazid credit card from #Emirates_NBD Bank 👌🏼💙 For details: https://t.co/oJpg7cbDbn https://t.co/cWHpRlVIyY,Cust,Positive,2026-05-04 22:11:00+04:00,2026-05-04
2051355715994878347,https://x.com/hisho25/status/2051355715994878347,https://x.com/hisho25,hisho25,H,https://pbs.twimg.com/profile_images/1609939487995346951/jwOMR5WV_bigger.jpg,,متى بتدعمون سامسونج باي؟؟,متى بتدعمون سامسونج باي؟؟,False,,['EmiratesNBD_KSA'],9h,"May 4, 2026 · 5:38 PM UTC",2026-05-04 17:38:00+00:00,,,1,0,0,36,ENBD,متى بتدعمون سامسونج باي؟؟,,,متى بتدعمون سامسونج باي؟؟,When will you support Samsung Pay?,Cust,Neutral,2026-05-04 21:38:00+04:00,2026-05-04
2051335593389601255,https://x.com/InformistMedia/status/2051335593389601255,https://x.com/InformistMedia,InformistMedia,Informist Media,https://pbs.twimg.com/profile_images/1845064843897827333/CfVeov1j_bigger.png,,"The Securities and Exchange Board of India on Monday approved the change in control of RBL Bank with regard to the ongoing acquisition of ""certain"" shareholding by Emirates NBD Bank in the Indian lender, RBL Bank said in an exchange filing. The Dubai-based lender has proposed to buy up to 60% stake in the Indian private-sector bank, and the Competition Commission of India has already approved it on Jan. 20.
#SEBI

Details Here:
informistmedia.com/MoneyWire…","The Securities and Exchange Board of India on Monday approved the change in control of RBL Bank with regard to the ongoing acquisition of &#34;certain&#34; shareholding by Emirates NBD Bank in the Indian lender, RBL Bank said in an exchange filing. The Dubai-based lender has proposed to buy up to 60% stake in the Indian private-sector bank, and the Competition Commission of India has already approved it on Jan. 20.
<a href=""/search?f=tweets&amp;q=%23SEBI"">#SEBI</a>

Details Here:
<a href=""https://informistmedia.com/MoneyWire/49753/Ongoing-acquisition-SEBI-OKs-change-in-control-of-RBL-Bank-amid-Emirates-NBD-s-stake-acquisition"">informistmedia.com/MoneyWire…</a>",False,,,10h,"May 4, 2026 · 4:18 PM UTC",2026-05-04 16:18:00+00:00,,"['https://x.com/search?f=tweets&q=%23SEBI', 'https://informistmedia.com/MoneyWire/49753/Ongoing-acquisition-SEBI-OKs-change-in-control-of-RBL-Bank-amid-Emirates-NBD-s-stake-acquisition']",0,1,1,448,ENBD,"The Securities and Exchange Board of India on Monday approved the change in control of RBL Bank with regard to the ongoing acquisition of ""certain"" shareholding by Emirates NBD Bank in the Indian lender, RBL Bank said in an exchange filing. The Dubai-based lender has proposed to buy up to 60% stake in the Indian private-sector bank, and the Competition Commission of India has already approved it on Jan. 20.
#SEBI

Details Here:
informistmedia.com/MoneyWire…",,,"The Securities and Exchange Board of India on Monday approved the change in control of RBL Bank with regard to the ongoing acquisition of ""certain"" shareholding by Emirates NBD Bank in the Indian lender, RBL Bank said in an exchange filing. The Dubai-based lender has proposed to buy up to 60% stake in the Indian private-sector bank, and the Competition Commission of India has already approved it on Jan. 20.
#SEBI

Details Here:
informistmedia.com/MoneyWire…","The Securities and Exchange Board of India on Monday approved the change in control of RBL Bank concerning the ongoing acquisition of ""certain"" shareholding by Emirates NBD Bank in the Indian lender, RBL Bank said in an exchange filing. The Dubai-based lender has proposed to buy up to a 60% stake in the Indian private-sector bank, and the Competition Commission of India has already approved it on January 20.",Cust,Neutral,2026-05-04 20:18:00+04:00,2026-05-04
2051310789596754286,https://x.com/RedHat/status/2051310789596754286,https://x.com/RedHat,RedHat,Red Hat,https://pbs.twimg.com/profile_images/1123557710191001600/oMQc_xqN_bigger.png,,"2026 Innovation Awards winner @EmiratesNBD_AE manages 9,000 VMs and modern containers on one unified platform -  a modern, stable platform for innovation. See how they did it: red.ht/4ukH5l4 #RHSummit","2026 Innovation Awards winner <a href=""/EmiratesNBD_AE"" title=""Emirates NBD"">@EmiratesNBD_AE</a> manages 9,000 VMs and modern containers on one unified platform -  a modern, stable platform for innovation. See how they did it: <a href=""https://red.ht/4ukH5l4"">red.ht/4ukH5l4</a> <a href=""/search?f=tweets&amp;q=%23RHSummit"">#RHSummit</a>",False,,,12h,"May 4, 2026 · 2:39 PM UTC",2026-05-04 14:39:00+00:00,,"['https://x.com/EmiratesNBD_AE', 'https://red.ht/4ukH5l4', 'https://x.com/search?f=tweets&q=%23RHSummit']",0,0,0,191,ENBD,"2026 Innovation Awards winner @EmiratesNBD_AE manages 9,000 VMs and modern containers on one unified platform -  a modern, stable platform for innovation. See how they did it: red.ht/4ukH5l4 #RHSummit",,,"2026 Innovation Awards winner @EmiratesNBD_AE manages 9,000 VMs and modern containers on one unified platform -  a modern, stable platform for innovation. See how they did it: red.ht/4ukH5l4 #RHSummit","2026 Innovation Awards winner Emirates NBD manages 9,000 VMs and modern containers on one unified platform - a modern, stable platform for innovation. See how they did it: red.ht/4ukH5l4 #RHSummit",Cust,Positive,2026-05-04 18:39:00+04:00,2026-05-04
2051298992416272612,https://x.com/FreshGulfJob/status/2051298992416272612,https://x.com/FreshGulfJob,FreshGulfJob,Fresh Gulf Job,https://pbs.twimg.com/profile_images/1487393053300064256/dEfLlKtr_bigger.jpg,,"Emirates NBD Job Vacancies Dubai | Latest Careers UAE (2026)
Apply Link>> buff.ly/7izZwL2

#jobs #careers #jobvacancy #jobs2026 #hiring #freshgulfjob #recruitment #jobvacancy2026 #UAEJobs #dubaijobs","Emirates NBD Job Vacancies Dubai | Latest Careers UAE (2026)
Apply Link&gt;&gt; <a href=""https://buff.ly/7izZwL2"">buff.ly/7izZwL2</a>

<a href=""/search?f=tweets&amp;q=%23jobs"">#jobs</a> <a href=""/search?f=tweets&amp;q=%23careers"">#careers</a> <a href=""/search?f=tweets&amp;q=%23jobvacancy"">#jobvacancy</a> <a href=""/search?f=tweets&amp;q=%23jobs2026"">#jobs2026</a> <a href=""/search?f=tweets&amp;q=%23hiring"">#hiring</a> <a href=""/search?f=tweets&amp;q=%23freshgulfjob"">#freshgulfjob</a> <a href=""/search?f=tweets&amp;q=%23recruitment"">#recruitment</a> <a href=""/search?f=tweets&amp;q=%23jobvacancy2026"">#jobvacancy2026</a> <a href=""/search?f=tweets&amp;q=%23UAEJobs"">#UAEJobs</a> <a href=""/search?f=tweets&amp;q=%23dubaijobs"">#dubaijobs</a>",False,,,12h,"May 4, 2026 · 1:52 PM UTC",2026-05-04 13:52:00+00:00,,"['https://buff.ly/7izZwL2', 'https://x.com/search?f=tweets&q=%23jobs', 'https://x.com/search?f=tweets&q=%23careers', 'https://x.com/search?f=tweets&q=%23jobvacancy', 'https://x.com/search?f=tweets&q=%23jobs2026', 'https://x.com/search?f=tweets&q=%23hiring', 'https://x.com/search?f=tweets&q=%23freshgulfjob', 'https://x.com/search?f=tweets&q=%23recruitment', 'https://x.com/search?f=tweets&q=%23jobvacancy2026', 'https://x.com/search?f=tweets&q=%23UAEJobs', 'https://x.com/search?f=tweets&q=%23dubaijobs']",0,0,1,187,ENBD,"Emirates NBD Job Vacancies Dubai | Latest Careers UAE (2026)
Apply Link>> buff.ly/7izZwL2

#jobs #careers #jobvacancy #jobs2026 #hiring #freshgulfjob #recruitment #jobvacancy2026 #UAEJobs #dubaijobs",,,"Emirates NBD Job Vacancies Dubai | Latest Careers UAE (2026)
Apply Link>> buff.ly/7izZwL2

#jobs #careers #jobvacancy #jobs2026 #hiring #freshgulfjob #recruitment #jobvacancy2026 #UAEJobs #dubaijobs",Emirates NBD Job Vacancies Dubai | Latest Careers UAE (2026) Apply Link>> buff.ly/7izZwL2,Cust,Neutral,2026-05-04 17:52:00+04:00,2026-05-04
2051294193515917659,https://x.com/deegrose/status/2051294193515917659,https://x.com/deegrose,deegrose,DeeG (Maria),https://pbs.twimg.com/profile_images/2049879312543657984/hKTDD9K__bigger.jpg,,"ADIB, Emirates NBD close $164mln loan for London property zawya.com/en/capital-markets…","ADIB, Emirates NBD close $164mln loan for London property <a href=""https://www.zawya.com/en/capital-markets/loans/adib-emirates-nbd-close-164mln-loan-for-london-property-n8gjsfqa"">zawya.com/en/capital-markets…</a>",False,,,13h,"May 4, 2026 · 1:33 PM UTC",2026-05-04 13:33:00+00:00,,['https://www.zawya.com/en/capital-markets/loans/adib-emirates-nbd-close-164mln-loan-for-london-property-n8gjsfqa'],0,0,0,12,ENBD,"ADIB, Emirates NBD close $164mln loan for London property zawya.com/en/capital-markets…",,,"ADIB, Emirates NBD close $164mln loan for London property zawya.com/en/capital-markets…",ADIB and Emirates NBD have finalized a $164 million loan for a property in London.,Cust,Neutral,2026-05-04 17:33:00+04:00,2026-05-04
2051288211184332916,https://x.com/hisho25/status/2051288211184332916,https://x.com/hisho25,hisho25,H,https://pbs.twimg.com/profile_images/1609939487995346951/jwOMR5WV_bigger.jpg,,"انا قلت تقريبا مب 100% و الاكثر شعبية تفعلوا الان 
يعني باقي هذولي للاسف
@MobilyPay 
@visionbank_sa
@EmiratesNBD_KSA 
@FABConnects","انا قلت تقريبا مب 100% و الاكثر شعبية تفعلوا الان 
يعني باقي هذولي للاسف
<a href=""/MobilyPay"" title=""Mobily Pay"">@MobilyPay</a> 
<a href=""/visionbank_sa"" title=""بنك فيجن"">@visionbank_sa</a>
<a href=""/EmiratesNBD_KSA"" title=""Emirates NBD KSA"">@EmiratesNBD_KSA</a> 
<a href=""/FABConnects"" title=""FAB Connects"">@FABConnects</a>",False,,"['karimmohnaguib1', 'FinTech_KSA']",13h,"May 4, 2026 · 1:09 PM UTC",2026-05-04 13:09:00+00:00,,"['https://x.com/MobilyPay', 'https://x.com/visionbank_sa', 'https://x.com/EmiratesNBD_KSA', 'https://x.com/FABConnects']",0,0,1,848,ENBD,"انا قلت تقريبا مب 100% و الاكثر شعبية تفعلوا الان 
يعني باقي هذولي للاسف
@MobilyPay 
@visionbank_sa
@EmiratesNBD_KSA 
@FABConnects",,,"انا قلت تقريبا مب 100% و الاكثر شعبية تفعلوا الان 
يعني باقي هذولي للاسف
@MobilyPay 
@visionbank_sa
@EmiratesNBD_KSA 
@FABConnects","I said almost not 100% and the most popular ones are active now. Unfortunately, these are the remaining ones.",Cust,Neutral,2026-05-04 17:09:00+04:00,2026-05-04
2051287062402540010,https://x.com/BabyIamInJail/status/2051287062402540010,https://x.com/BabyIamInJail,BabyIamInJail,حوا🍎,https://pbs.twimg.com/profile_images/1931562837521911809/dqyeDv4z_bigger.jpg,,"@BabyIamInJail پشمام دنبال قبض آب هم افتادن؟
متاسفانه اطلاعی ندارم. یه سال و نیمه هی فرم جهت شناسایی شهروندای آمریکا میفرستن، ولی این مدلیشو ندیده بودم","عه چی؟

امروز دقیقا ENBD بودم
ازم قبض آب از تورنتو می خواست!
راهی داره اطلاعات مالیاتی ازم نگیرند؟

تو کانادا ممکنه audit بخورم اگه با هم حرف بزنند. تا ثابت کنی بابا دوهزار بوده، کلی خرج audit شده.",False,,['bokonndarro'],13h,"May 4, 2026 · 1:05 PM UTC",2026-05-04 13:05:00+00:00,,,1,0,1,75,ENBD,"عه چی؟

امروز دقیقا ENBD بودم
ازم قبض آب از تورنتو می خواست!
راهی داره اطلاعات مالیاتی ازم نگیرند؟

تو کانادا ممکنه audit بخورم اگه با هم حرف بزنند. تا ثابت کنی بابا دوهزار بوده، کلی خرج audit شده.",https://x.com/BabyIamInJail/status/2051287062402540010,"@BabyIamInJail پشمام دنبال قبض آب هم افتادن؟
متاسفانه اطلاعی ندارم. یه سال و نیمه هی فرم جهت شناسایی شهروندای آمریکا میفرستن، ولی این مدلیشو ندیده بودم","@BabyIamInJail پشمام دنبال قبض آب هم افتادن؟
متاسفانه اطلاعی ندارم. یه سال و نیمه هی فرم جهت شناسایی شهروندای آمریکا میفرستن، ولی این مدلیشو ندیده بودم","Are they after my water bill too? Unfortunately, I have no information. For a year and a half, they have been sending forms to identify American citizens, but I haven't seen one like this.",Cust,Neutral,2026-05-04 17:05:00+04:00,2026-05-04
2051283691821834411,https://x.com/bokonndarro/status/2051283691821834411,https://x.com/bokonndarro,bokonndarro,Foroogh 🇮🇷,https://pbs.twimg.com/profile_images/2035505557650702336/C0i2amSB_bigger.jpg,,ادمین دبی اینترنشنال چرا انقدر حیوونه :)))))))) https://t.co/juEIzEYwCT,"توریست که چیزی نیست من با صد سال اقامت چند سال پیش با زور آشنا تو Emirates NBD برام حساب باز کردن :))) 
ولی الان واسه جذب توریست و سرمایه‌گذار چندین طرح جدید ارائه کردن",False,,['BabyIamInJail'],13h,"May 4, 2026 · 12:51 PM UTC",2026-05-04 12:51:00+00:00,,,1,0,3,672,ENBD,"توریست که چیزی نیست من با صد سال اقامت چند سال پیش با زور آشنا تو Emirates NBD برام حساب باز کردن :))) 
ولی الان واسه جذب توریست و سرمایه‌گذار چندین طرح جدید ارائه کردن",https://x.com/bokonndarro/status/2051283691821834411,ادمین دبی اینترنشنال چرا انقدر حیوونه :)))))))) https://t.co/juEIzEYwCT,ادمین دبی اینترنشنال چرا انقدر حیوونه :)))))))) https://t.co/juEIzEYwCT,Why is the Dubai International admin such an animal? :)))))))),Cust,Neutral,2026-05-04 16:51:00+04:00,2026-05-04
2051273429328814571,https://x.com/saudabdullah08/status/2051273429328814571,https://x.com/saudabdullah08,saudabdullah08,الفنان سعود عبدالله,https://pbs.twimg.com/profile_images/1826788073360793600/_RR9Ujem_bigger.jpg,,نسعد بخدمتكم واستقبال استفساراتكم وشكاويكم عبر قنوات البنك الرسمية📲 https://t.co/afLfJB9QyG,للاسف تجربه سيئة طلعت الفيزا وكنت استخدمها والامور طيبه وليا 4 شهور ابغي احجز سينما فوكس حسب عرضهم تذكرة وتذكره مجاناً للاسف يطلعلي الحسبه حق التذكرتين واتواصلت مع خدمة العملاء اكثر من مره ماحد حل ليا المشكله الين اضطريت الغي البطاقه عشان عدم المصداقيه,False,,['EmiratesNBD_KSA'],14h,"May 4, 2026 · 12:11 PM UTC",2026-05-04 12:11:00+00:00,,,1,0,0,31,ENBD,للاسف تجربه سيئة طلعت الفيزا وكنت استخدمها والامور طيبه وليا 4 شهور ابغي احجز سينما فوكس حسب عرضهم تذكرة وتذكره مجاناً للاسف يطلعلي الحسبه حق التذكرتين واتواصلت مع خدمة العملاء اكثر من مره ماحد حل ليا المشكله الين اضطريت الغي البطاقه عشان عدم المصداقيه,https://x.com/saudabdullah08/status/2051273429328814571,نسعد بخدمتكم واستقبال استفساراتكم وشكاويكم عبر قنوات البنك الرسمية📲 https://t.co/afLfJB9QyG,نسعد بخدمتكم واستقبال استفساراتكم وشكاويكم عبر قنوات البنك الرسمية📲 https://t.co/afLfJB9QyG,We are pleased to serve you and receive your inquiries and complaints through the bank's official channels.,Cust,Neutral,2026-05-04 16:11:00+04:00,2026-05-04
2051261292133130490,https://x.com/anwarquadri7/status/2051261292133130490,https://x.com/anwarquadri7,anwarquadri7,Anwar Quadri,https://pbs.twimg.com/profile_images/1831450890525351936/CY5M68Bm_bigger.jpg,,"@EmiratesNBD_KSA Dear Emirates NBD,
I received a credit card statement with dues 15 days after requesting cancellation, and was charged an annual fee despite being promised a first-year waiver. Please clarify these discrepancies.","Hi, I received a call from your bank representative confirming the cancellation of my card a week back. However, I haven&#39;t received any confirmation message till now, via SMS or email. Please confirm that my card has been cancellation.",False,,"['anwarquadri7', 'EmiratesNBD_KSA']",15h,"May 4, 2026 · 11:22 AM UTC",2026-05-04 11:22:00+00:00,,,1,0,0,10,ENBD,"Hi, I received a call from your bank representative confirming the cancellation of my card a week back. However, I haven't received any confirmation message till now, via SMS or email. Please confirm that my card has been cancellation.",https://x.com/anwarquadri7/status/2051261292133130490,"@EmiratesNBD_KSA Dear Emirates NBD,
I received a credit card statement with dues 15 days after requesting cancellation, and was charged an annual fee despite being promised a first-year waiver. Please clarify these discrepancies.","@EmiratesNBD_KSA Dear Emirates NBD,
I received a credit card statement with dues 15 days after requesting cancellation, and was charged an annual fee despite being promised a first-year waiver. Please clarify these discrepancies.","Dear Emirates NBD, I received a credit card statement with dues 15 days after requesting cancellation, and was charged an annual fee despite being promised a first-year waiver. Please clarify these discrepancies.",Cust,Negative,2026-05-04 15:22:00+04:00,2026-05-04
2051239150909866122,https://x.com/abhiseksonusonu/status/2051239150909866122,https://x.com/abhiseksonusonu,abhiseksonusonu,A R mishra,https://pbs.twimg.com/profile_images/1912019334932611072/h2qIgZ-L_bigger.jpg,,@LivBank @EmiratesNBD_AE dear can any one reply on this I am not getting any response,"<a href=""/LivBank"" title=""Liv Digital Bank"">@LivBank</a> <a href=""/EmiratesNBD_AE"" title=""Emirates NBD"">@EmiratesNBD_AE</a> dear can any one reply on this I am not getting any response",False,,,16h,"May 4, 2026 · 9:54 AM UTC",2026-05-04 09:54:00+00:00,,"['https://x.com/LivBank', 'https://x.com/EmiratesNBD_AE']",1,0,0,14,ENBD,@LivBank @EmiratesNBD_AE dear can any one reply on this I am not getting any response,https://x.com/abhiseksonusonu/status/2051239150909866122,@LivBank @EmiratesNBD_AE dear can any one reply on this I am not getting any response,@LivBank @EmiratesNBD_AE dear can any one reply on this I am not getting any response,"Dear @LivBank @EmiratesNBD_AE, can anyone reply to this? I am not getting any response.",Cust,Negative,2026-05-04 13:54:00+04:00,2026-05-04
2051214248865656992,https://x.com/FF1991Whooo/status/2051214248865656992,https://x.com/FF1991Whooo,FF1991Whooo,Flavours Footprints,https://pbs.twimg.com/profile_images/1481297572363108353/g_PbK1D6_bigger.png,,"@EmiratesNBD_AE Extremely disappointed with how my credit card closure has been handled.
I requested closure before traveling in June 2025, yet recurring Google subscription charges continued. I cleared all dues whenever notified.","<a href=""/EmiratesNBD_AE"" title=""Emirates NBD"">@EmiratesNBD_AE</a> Extremely disappointed with how my credit card closure has been handled.
I requested closure before traveling in June 2025, yet recurring Google subscription charges continued. I cleared all dues whenever notified.",False,,,18h,"May 4, 2026 · 8:16 AM UTC",2026-05-04 08:16:00+00:00,,['https://x.com/EmiratesNBD_AE'],2,0,0,3,ENBD,"@EmiratesNBD_AE Extremely disappointed with how my credit card closure has been handled.
I requested closure before traveling in June 2025, yet recurring Google subscription charges continued. I cleared all dues whenever notified.",,,"@EmiratesNBD_AE Extremely disappointed with how my credit card closure has been handled.
I requested closure before traveling in June 2025, yet recurring Google subscription charges continued. I cleared all dues whenever notified.","Extremely disappointed with how my credit card closure has been handled. I requested closure before traveling in June 2025, yet recurring Google subscription charges continued. I cleared all dues whenever notified.",Cust,Negative,2026-05-04 12:16:00+04:00,2026-05-04
2051210220634820985,https://x.com/DeloitteME/status/2051210220634820985,https://x.com/DeloitteME,DeloitteME,Deloitte Middle East,https://pbs.twimg.com/profile_images/742984436661276673/2NW6eZiW_bigger.jpg,,"The future of finance is shaped by complex regulations.
 
In our recent session with @Emirates NBD, we discussed evolving #risk, #IFRS, #tax & the vital role of culture in driving innovation amid change.
 
#Banking #FinancialServices","The future of finance is shaped by complex regulations.
 
In our recent session with <a href=""/emirates"" title=""Emirates"">@Emirates</a> NBD, we discussed evolving <a href=""/search?f=tweets&amp;q=%23risk"">#risk</a>, <a href=""/search?f=tweets&amp;q=%23IFRS"">#IFRS</a>, <a href=""/search?f=tweets&amp;q=%23tax"">#tax</a> &amp; the vital role of culture in driving innovation amid change.
 
<a href=""/search?f=tweets&amp;q=%23Banking"">#Banking</a> <a href=""/search?f=tweets&amp;q=%23FinancialServices"">#FinancialServices</a>",False,,,18h,"May 4, 2026 · 8:00 AM UTC",2026-05-04 08:00:00+00:00,,"['https://x.com/emirates', 'https://x.com/search?f=tweets&q=%23risk', 'https://x.com/search?f=tweets&q=%23IFRS', 'https://x.com/search?f=tweets&q=%23tax', 'https://x.com/search?f=tweets&q=%23Banking', 'https://x.com/search?f=tweets&q=%23FinancialServices']",0,0,0,75,ENBD,"The future of finance is shaped by complex regulations.
 
In our recent session with @Emirates NBD, we discussed evolving #risk, #IFRS, #tax & the vital role of culture in driving innovation amid change.
 
#Banking #FinancialServices",,,"The future of finance is shaped by complex regulations.
 
In our recent session with @Emirates NBD, we discussed evolving #risk, #IFRS, #tax & the vital role of culture in driving innovation amid change.
 
#Banking #FinancialServices","The future of finance is shaped by complex regulations. 

In our recent session with Emirates NBD, we discussed evolving risk, IFRS, tax, and the vital role of culture in driving innovation amid change. 

Banking Financial Services",Cust,Neutral,2026-05-04 12:00:00+04:00,2026-05-04
2051194736661381477,https://x.com/hill_lilli40424/status/2051194736661381477,https://x.com/hill_lilli40424,hill_lilli40424,Mohamed Farag,https://pbs.twimg.com/profile_images/2051194248054341632/6o7ujA15_bigger.jpg,,"Style, comfort, and cashback… that's how we do it at TMG with Emirates NBD✨","Style, comfort, and cashback… that&#39;s how we do it at TMG with Emirates NBD✨",False,,,19h,"May 4, 2026 · 6:58 AM UTC",2026-05-04 06:58:00+00:00,,,0,0,0,4,ENBD,"Style, comfort, and cashback… that's how we do it at TMG with Emirates NBD✨",,,"Style, comfort, and cashback… that's how we do it at TMG with Emirates NBD✨","Style, comfort, and cashback… that's how we do it at TMG with Emirates NBD.",Cust,Positive,2026-05-04 10:58:00+04:00,2026-05-04
2051188760185049183,https://x.com/mahmoudmoawad00/status/2051188760185049183,https://x.com/mahmoudmoawad00,mahmoudmoawad00,Mahmoud Moawad,https://pbs.twimg.com/profile_images/1667049706462097408/EbaYvJZ9_bigger.jpg,,"After the update, I can't approve any transactions. The app always shows ""something went wrong"" on the approval page. I opened a case, and they said it was solved, asking me to reinstall the app. I even tried on three different devices, both Android and iPhone same issue","After the update, I can&#39;t approve any transactions. The app always shows &#34;something went wrong&#34; on the approval page. I opened a case, and they said it was solved, asking me to reinstall the app. I even tried on three different devices, both Android and iPhone same issue",False,,['EmiratesNBD_AE'],20h,"May 4, 2026 · 6:34 AM UTC",2026-05-04 06:34:00+00:00,,,1,0,0,20,ENBD,"After the update, I can't approve any transactions. The app always shows ""something went wrong"" on the approval page. I opened a case, and they said it was solved, asking me to reinstall the app. I even tried on three different devices, both Android and iPhone same issue",,,"After the update, I can't approve any transactions. The app always shows ""something went wrong"" on the approval page. I opened a case, and they said it was solved, asking me to reinstall the app. I even tried on three different devices, both Android and iPhone same issue","After the update, I can't approve any transactions. The app always shows ""something went wrong"" on the approval page. I opened a case, and they said it was solved, asking me to reinstall the app. I even tried on three different devices, both Android and iPhone, and the same issue occurred.",Cust,Negative,2026-05-04 10:34:00+04:00,2026-05-04
2051171796552937744,https://x.com/EmiratesNBD_AE/status/2051171796552937744,https://x.com/EmiratesNBD_AE,EmiratesNBD_AE,Emirates NBD,https://pbs.twimg.com/profile_images/2042294543308242946/ScvMjarh_bigger.jpg,,"Turn your everyday spending into Emirates Skywards Miles with the Emirates NBD Skywards Infinite Credit Card. Enjoy complimentary airport lounge access, valet parking, golf privileges, and more.
Apply Now and get up to 100,000 bonus Skyward Miles!
Terms and Conditions Apply!
 
Apply Now: emiratesnbd.com/en/cards/cre…","Turn your everyday spending into Emirates Skywards Miles with the Emirates NBD Skywards Infinite Credit Card. Enjoy complimentary airport lounge access, valet parking, golf privileges, and more.
Apply Now and get up to 100,000 bonus Skyward Miles!
Terms and Conditions Apply!
 
Apply Now: <a href=""https://www.emiratesnbd.com/en/cards/credit-cards/skywards-infinite-credit-card"">emiratesnbd.com/en/cards/cre…</a>",False,,,21h,"May 4, 2026 · 5:27 AM UTC",2026-05-04 05:27:00+00:00,,['https://www.emiratesnbd.com/en/cards/credit-cards/skywards-infinite-credit-card'],0,2,11,743,ENBD,"Turn your everyday spending into Emirates Skywards Miles with the Emirates NBD Skywards Infinite Credit Card. Enjoy complimentary airport lounge access, valet parking, golf privileges, and more.
Apply Now and get up to 100,000 bonus Skyward Miles!
Terms and Conditions Apply!
 
Apply Now: emiratesnbd.com/en/cards/cre…",,,"Turn your everyday spending into Emirates Skywards Miles with the Emirates NBD Skywards Infinite Credit Card. Enjoy complimentary airport lounge access, valet parking, golf privileges, and more.
Apply Now and get up to 100,000 bonus Skyward Miles!
Terms and Conditions Apply!
 
Apply Now: emiratesnbd.com/en/cards/cre…","Turn your everyday spending into Emirates Skywards Miles with the Emirates NBD Skywards Infinite Credit Card. Enjoy complimentary airport lounge access, valet parking, golf privileges, and more. Apply now and get up to 100,000 bonus Skyward Miles! Terms and conditions apply! Apply now: emiratesnbd.com/en/cards/cre…",Bank,Positive,2026-05-04 09:27:00+04:00,2026-05-04
2051149273409143066,https://x.com/patilabhijeet45/status/2051149273409143066,https://x.com/patilabhijeet45,patilabhijeet45,abhijeet patil,https://pbs.twimg.com/profile_images/1383992370509668355/lHQxfCEH_bigger.jpg,,I have sent an email.,I have sent an email.,False,,['EmiratesNBD_AE'],22h,"May 4, 2026 · 3:57 AM UTC",2026-05-04 03:57:00+00:00,,,1,0,0,8,ENBD,I have sent an email.,,,I have sent an email.,I have sent an email.,Cust,Neutral,2026-05-04 07:57:00+04:00,2026-05-04
2051134720344535096,https://x.com/ClapPakistan/status/2051134720344535096,https://x.com/ClapPakistan,ClapPakistan,Clap,https://pbs.twimg.com/profile_images/1813702655031562240/RuM4t2kR_bigger.jpg,,"Syed Saad Shafi is Director – Signature Banking at Emirates NBD in Dubai, specializing in wealth management and global investment strategies for high-net-worth clients, overseeing multi-billion dirham portfolios.

#ClapPakistan","Syed Saad Shafi is Director – Signature Banking at Emirates NBD in Dubai, specializing in wealth management and global investment strategies for high-net-worth clients, overseeing multi-billion dirham portfolios.

<a href=""/search?f=tweets&amp;q=%23ClapPakistan"">#ClapPakistan</a>",False,,,23h,"May 4, 2026 · 3:00 AM UTC",2026-05-04 03:00:00+00:00,,['https://x.com/search?f=tweets&q=%23ClapPakistan'],0,1,1,25,ENBD,"Syed Saad Shafi is Director – Signature Banking at Emirates NBD in Dubai, specializing in wealth management and global investment strategies for high-net-worth clients, overseeing multi-billion dirham portfolios.

#ClapPakistan",,,"Syed Saad Shafi is Director – Signature Banking at Emirates NBD in Dubai, specializing in wealth management and global investment strategies for high-net-worth clients, overseeing multi-billion dirham portfolios.

#ClapPakistan","Syed Saad Shafi is the Director of Signature Banking at Emirates NBD in Dubai, specializing in wealth management and global investment strategies for high-net-worth clients, overseeing multi-billion dirham portfolios.",Cust,Neutral,2026-05-04 07:00:00+04:00,2026-05-04
2051337981815140447,https://x.com/praksoni/status/2051337981815140447,https://x.com/praksoni,praksoni,prakash soni,https://pbs.twimg.com/abs.twimg.com/sticky/default_profile_images/default_profile_bigger.png,,I did not get any message. Following your page.,I did not get any message. Following your page.,False,,['emiratesislamic'],10h,"May 4, 2026 · 4:27 PM UTC",2026-05-04 16:27:00+00:00,,,0,0,0,1,EI,I did not get any message. Following your page.,,,I did not get any message. Following your page.,I did not receive any message. I am following your page.,Cust,Neutral,2026-05-04 20:27:00+04:00,2026-05-04
2051285723785871469,https://x.com/emiratesislamic/status/2051285723785871469,https://x.com/emiratesislamic,emiratesislamic,emiratesislamic,https://pbs.twimg.com/profile_images/1526452318874619904/yJhExjro_bigger.jpg,,"Banking that recognizes the value of your business. With Emirates Islamic Business Banking Diamond Account, enjoy a dedicated relationship manager and Trade & FX advisor, preferential pricing on products,","Banking that recognizes the value of your business. With Emirates Islamic Business Banking Diamond Account, enjoy a dedicated relationship manager and Trade &amp; FX advisor, preferential pricing on products,",False,,,13h,"May 4, 2026 · 1:00 PM UTC",2026-05-04 13:00:00+00:00,,,1,0,0,108,EI,"Banking that recognizes the value of your business. With Emirates Islamic Business Banking Diamond Account, enjoy a dedicated relationship manager and Trade & FX advisor, preferential pricing on products,",,,"Banking that recognizes the value of your business. With Emirates Islamic Business Banking Diamond Account, enjoy a dedicated relationship manager and Trade & FX advisor, preferential pricing on products,","Banking that recognizes the value of your business. With Emirates Islamic Business Banking Diamond Account, enjoy a dedicated relationship manager and Trade & FX advisor, preferential pricing on products.",Bank,Positive,2026-05-04 17:00:00+04:00,2026-05-04
2051255518270779594,https://x.com/emiratesislamic/status/2051255518270779594,https://x.com/emiratesislamic,emiratesislamic,emiratesislamic,https://pbs.twimg.com/profile_images/1526452318874619904/yJhExjro_bigger.jpg,,"Track your Digital Wealth portfolio on a real-time basis and close a trade instantly through the EI + Mobile Banking App.
Download the EI + Mobile Banking App today. #EmiratesIslamic

https://t.co/H1RLoPe6Zu https://t.co/5h5iHPAmUn","Track your Digital Wealth portfolio on a real-time basis and close a trade instantly through the EI + Mobile Banking App.
Download the EI + Mobile Banking App today. <a href=""/search?f=tweets&amp;q=%23EmiratesIslamic"">#EmiratesIslamic</a>

<a href=""https://www.emiratesislamic.ae/en/Personal-Banking/Wealth-Solutions/digital-wealth"">emiratesislamic.ae/en/Person…</a>",False,,,15h,"May 4, 2026 · 11:00 AM UTC",2026-05-04 11:00:00+00:00,,"['https://x.com/search?f=tweets&q=%23EmiratesIslamic', 'https://www.emiratesislamic.ae/en/Personal-Banking/Wealth-Solutions/digital-wealth']",0,0,1,43,EI,"Track your Digital Wealth portfolio on a real-time basis and close a trade instantly through the EI + Mobile Banking App.
Download the EI + Mobile Banking App today. #EmiratesIslamic

emiratesislamic.ae/en/Person…",https://x.com/emiratesislamic/status/2051255518270779594,"Track your Digital Wealth portfolio on a real-time basis and close a trade instantly through the EI + Mobile Banking App.
Download the EI + Mobile Banking App today. #EmiratesIslamic

https://t.co/H1RLoPe6Zu https://t.co/5h5iHPAmUn","Track your Digital Wealth portfolio on a real-time basis and close a trade instantly through the EI + Mobile Banking App.
Download the EI + Mobile Banking App today. #EmiratesIslamic

https://t.co/H1RLoPe6Zu https://t.co/5h5iHPAmUn",Track your Digital Wealth portfolio in real-time and close a trade instantly through the EI + Mobile Banking App. Download the EI + Mobile Banking App today. #EmiratesIslamic,Bank,Positive,2026-05-04 15:00:00+04:00,2026-05-04
2051210226183905695,https://x.com/emiratesislamic/status/2051210226183905695,https://x.com/emiratesislamic,emiratesislamic,emiratesislamic,https://pbs.twimg.com/profile_images/1526452318874619904/yJhExjro_bigger.jpg,,"احصل على بطاقة ضيف الاتحاد واستمتع بمكافأة تصل إلى 100,000 ميل من أميال ضيف الاتحاد✈️ بالإضافة إلى مزايا حصرية:

🎟️ما يصل إلى قسيمتي خصم بنسبة %60 من أميال ضيف الاتحاد، لحجوزات الطيران وترقية فئة الرحلة
🚀 الترقية السريعة إلى الفئة الذهبية في برنامج ضيف الاتحاد https://t.co/IpubVOi9WK","Apply for an Emirates Islamic Etihad Guest Credit Card and earn up to 100,000 bonus Etihad Guest Miles ✈️ and amazing rewards:

🎟️ Up to two 60% discount vouchers on Etihad Guest Miles for flights booking and upgrades
🚀 Fast-track upgrade to Etihad Guest Gold Tier status",False,,,18h,"May 4, 2026 · 8:00 AM UTC",2026-05-04 08:00:00+00:00,,,1,0,0,76,EI,"Apply for an Emirates Islamic Etihad Guest Credit Card and earn up to 100,000 bonus Etihad Guest Miles ✈️ and amazing rewards:

🎟️ Up to two 60% discount vouchers on Etihad Guest Miles for flights booking and upgrades
🚀 Fast-track upgrade to Etihad Guest Gold Tier status",https://x.com/emiratesislamic/status/2051210226183905695,"احصل على بطاقة ضيف الاتحاد واستمتع بمكافأة تصل إلى 100,000 ميل من أميال ضيف الاتحاد✈️ بالإضافة إلى مزايا حصرية:

🎟️ما يصل إلى قسيمتي خصم بنسبة %60 من أميال ضيف الاتحاد، لحجوزات الطيران وترقية فئة الرحلة
🚀 الترقية السريعة إلى الفئة الذهبية في برنامج ضيف الاتحاد https://t.co/IpubVOi9WK","احصل على بطاقة ضيف الاتحاد واستمتع بمكافأة تصل إلى 100,000 ميل من أميال ضيف الاتحاد✈️ بالإضافة إلى مزايا حصرية:

🎟️ما يصل إلى قسيمتي خصم بنسبة %60 من أميال ضيف الاتحاد، لحجوزات الطيران وترقية فئة الرحلة
🚀 الترقية السريعة إلى الفئة الذهبية في برنامج ضيف الاتحاد https://t.co/IpubVOi9WK","Get an Etihad Guest card and enjoy a reward of up to 100,000 Etihad Guest miles✈️ along with exclusive benefits:

🎟️ Up to two vouchers for a 60% discount on Etihad Guest miles for flight bookings and class upgrades
🚀 Fast track to gold tier in the Etihad Guest program",Bank,Neutral,2026-05-04 12:00:00+04:00,2026-05-04
2051180030810632404,https://x.com/emiratesislamic/status/2051180030810632404,https://x.com/emiratesislamic,emiratesislamic,emiratesislamic,https://pbs.twimg.com/profile_images/1526452318874619904/yJhExjro_bigger.jpg,,"استمتع بقيادة سيارة أحلامك عند الحصول على تمويل السيارات من الإمارات الإسلامي

📊 معدلات ربح مميزة ابتداءً من %1.89 ثابتة سنوياً (ما يعادل %3.61 كمعدل ربح متناقص سنوياً) https://t.co/MkXMIn08uG","💳 0% Easy Payment Plan on Emirates Islamic Credit Card spends at select auto dealerships
📅Offer valid till 31 May 2026.

Terms &amp; Conditions apply.",False,,,20h,"May 4, 2026 · 6:00 AM UTC",2026-05-04 06:00:00+00:00,,,0,0,0,40,EI,"💳 0% Easy Payment Plan on Emirates Islamic Credit Card spends at select auto dealerships
📅Offer valid till 31 May 2026.

Terms & Conditions apply.",https://x.com/emiratesislamic/status/2051180030810632404,"استمتع بقيادة سيارة أحلامك عند الحصول على تمويل السيارات من الإمارات الإسلامي

📊 معدلات ربح مميزة ابتداءً من %1.89 ثابتة سنوياً (ما يعادل %3.61 كمعدل ربح متناقص سنوياً) https://t.co/MkXMIn08uG","استمتع بقيادة سيارة أحلامك عند الحصول على تمويل السيارات من الإمارات الإسلامي

📊 معدلات ربح مميزة ابتداءً من %1.89 ثابتة سنوياً (ما يعادل %3.61 كمعدل ربح متناقص سنوياً) https://t.co/MkXMIn08uG","Enjoy driving your dream car with car financing from Emirates Islamic. 

📊 Special profit rates starting from 1.89% fixed annually (equivalent to 3.61% as a declining profit rate annually)",Bank,Positive,2026-05-04 10:00:00+04:00,2026-05-04
2051180027576750215,https://x.com/emiratesislamic/status/2051180027576750215,https://x.com/emiratesislamic,emiratesislamic,emiratesislamic,https://pbs.twimg.com/profile_images/1526452318874619904/yJhExjro_bigger.jpg,,"Drive home your dream car with Emirates Islamic Auto Finance!

📊 Attractive profit rates starting from 1.89% flat p.a. (equivalent to 3.61% reducing profit rate p.a.)","Drive home your dream car with Emirates Islamic Auto Finance!

📊 Attractive profit rates starting from 1.89% flat p.a. (equivalent to 3.61% reducing profit rate p.a.)",False,,,20h,"May 4, 2026 · 6:00 AM UTC",2026-05-04 06:00:00+00:00,,,1,0,0,56,EI,"Drive home your dream car with Emirates Islamic Auto Finance!

📊 Attractive profit rates starting from 1.89% flat p.a. (equivalent to 3.61% reducing profit rate p.a.)",,,"Drive home your dream car with Emirates Islamic Auto Finance!

📊 Attractive profit rates starting from 1.89% flat p.a. (equivalent to 3.61% reducing profit rate p.a.)","Drive home your dream car with Emirates Islamic Auto Finance!

Attractive profit rates starting from 1.89% flat per annum (equivalent to 3.61% reducing profit rate per annum).",Bank,Positive,2026-05-04 10:00:00+04:00,2026-05-04
2051285726361227464,https://x.com/emiratesislamic/status/2051285726361227464,https://x.com/emiratesislamic,emiratesislamic,emiratesislamic,https://pbs.twimg.com/profile_images/1526452318874619904/yJhExjro_bigger.jpg,,خدمات مصرفية تقدر قيمة أعمالك. مع الحساب الماسي للأعمال من الإمارات الإسلامي، تستفيد من مدير علاقة ومستشار للتجارة والصرف الأجنبي، وأسعار تفضيلية على المنتجات المصرفية، وبطاقة فيزا سيغنتشر معدنية بحدود سحب ومشتريات أعلى، https://t.co/XkC8ED0e6C,"a metal Visa Signature Debit Card with higher withdrawal and POS limits, as well as lifestyle benefits such as airport lounge access and global car rental discounts.

Learn more:

<a href=""https://www.emiratesislamic.ae/en/business-banking/diamond?utm_source=organic-twitter&amp;utm_medium=social&amp;utm_campaign=bb_diamond"">emiratesislamic.ae/en/busine…</a>",False,,,13h,"May 4, 2026 · 1:00 PM UTC",2026-05-04 13:00:00+00:00,,['https://www.emiratesislamic.ae/en/business-banking/diamond?utm_source=organic-twitter&utm_medium=social&utm_campaign=bb_diamond'],0,0,0,62,EI,"a metal Visa Signature Debit Card with higher withdrawal and POS limits, as well as lifestyle benefits such as airport lounge access and global car rental discounts.

Learn more:

emiratesislamic.ae/en/busine…",https://x.com/emiratesislamic/status/2051285726361227464,خدمات مصرفية تقدر قيمة أعمالك. مع الحساب الماسي للأعمال من الإمارات الإسلامي، تستفيد من مدير علاقة ومستشار للتجارة والصرف الأجنبي، وأسعار تفضيلية على المنتجات المصرفية، وبطاقة فيزا سيغنتشر معدنية بحدود سحب ومشتريات أعلى، https://t.co/XkC8ED0e6C,خدمات مصرفية تقدر قيمة أعمالك. مع الحساب الماسي للأعمال من الإمارات الإسلامي، تستفيد من مدير علاقة ومستشار للتجارة والصرف الأجنبي، وأسعار تفضيلية على المنتجات المصرفية، وبطاقة فيزا سيغنتشر معدنية بحدود سحب ومشتريات أعلى، https://t.co/XkC8ED0e6C,"Banking services that value your business. With the Diamond Business Account from Emirates Islamic, you benefit from a relationship manager and a foreign trade and exchange advisor, preferential rates on banking products, and a metal Visa Signature card with higher withdrawal and purchase limits.",Bank,Positive,2026-05-04 17:00:00+04:00,2026-05-04
2051285720577269980,https://x.com/emiratesislamic/status/2051285720577269980,https://x.com/emiratesislamic,emiratesislamic,emiratesislamic,https://pbs.twimg.com/profile_images/1526452318874619904/yJhExjro_bigger.jpg,,"إضافة إلى مزايا نمط حياة مثل دخول صالات المطارات وخصومات عالمية على تأجير السيارات.

لمعرفة المزيد:

emiratesislamic.ae/ar/busine…","إضافة إلى مزايا نمط حياة مثل دخول صالات المطارات وخصومات عالمية على تأجير السيارات.

لمعرفة المزيد:

<a href=""https://www.emiratesislamic.ae/ar/business-banking/diamond?utm_source=organic-twitter&amp;utm_medium=social&amp;utm_campaign=bb_diamond"">emiratesislamic.ae/ar/busine…</a>",False,,,13h,"May 4, 2026 · 1:00 PM UTC",2026-05-04 13:00:00+00:00,,['https://www.emiratesislamic.ae/ar/business-banking/diamond?utm_source=organic-twitter&utm_medium=social&utm_campaign=bb_diamond'],1,0,0,51,EI,"إضافة إلى مزايا نمط حياة مثل دخول صالات المطارات وخصومات عالمية على تأجير السيارات.

لمعرفة المزيد:

emiratesislamic.ae/ar/busine…",,,"إضافة إلى مزايا نمط حياة مثل دخول صالات المطارات وخصومات عالمية على تأجير السيارات.

لمعرفة المزيد:

emiratesislamic.ae/ar/busine…",In addition to lifestyle benefits such as access to airport lounges and global discounts on car rentals.,Bank,Positive,2026-05-04 17:00:00+04:00,2026-05-04
2051285716965986342,https://x.com/emiratesislamic/status/2051285716965986342,https://x.com/emiratesislamic,emiratesislamic,emiratesislamic,https://pbs.twimg.com/profile_images/1526452318874619904/yJhExjro_bigger.jpg,,خدمات مصرفية تقدر قيمة أعمالك. مع الحساب الماسي للأعمال من الإمارات الإسلامي، تستفيد من مدير علاقة ومستشار للتجارة والصرف الأجنبي، وأسعار تفضيلية على المنتجات المصرفية، وبطاقة فيزا سيغنتشر معدنية بحدود سحب ومشتريات أعلى،,خدمات مصرفية تقدر قيمة أعمالك. مع الحساب الماسي للأعمال من الإمارات الإسلامي، تستفيد من مدير علاقة ومستشار للتجارة والصرف الأجنبي، وأسعار تفضيلية على المنتجات المصرفية، وبطاقة فيزا سيغنتشر معدنية بحدود سحب ومشتريات أعلى،,False,,,13h,"May 4, 2026 · 1:00 PM UTC",2026-05-04 13:00:00+00:00,,,1,0,1,254,EI,خدمات مصرفية تقدر قيمة أعمالك. مع الحساب الماسي للأعمال من الإمارات الإسلامي، تستفيد من مدير علاقة ومستشار للتجارة والصرف الأجنبي، وأسعار تفضيلية على المنتجات المصرفية، وبطاقة فيزا سيغنتشر معدنية بحدود سحب ومشتريات أعلى،,,,خدمات مصرفية تقدر قيمة أعمالك. مع الحساب الماسي للأعمال من الإمارات الإسلامي، تستفيد من مدير علاقة ومستشار للتجارة والصرف الأجنبي، وأسعار تفضيلية على المنتجات المصرفية، وبطاقة فيزا سيغنتشر معدنية بحدود سحب ومشتريات أعلى،,"Banking services that value your business. With the Diamond Business Account from Emirates Islamic, you benefit from a relationship manager and a foreign trade and exchange advisor, preferential rates on banking products, and a metal Visa Signature card with higher withdrawal and purchase limits.",Bank,Positive,2026-05-04 17:00:00+04:00,2026-05-04
2051255517989797926,https://x.com/emiratesislamic/status/2051255517989797926,https://x.com/emiratesislamic,emiratesislamic,emiratesislamic,https://pbs.twimg.com/profile_images/1526452318874619904/yJhExjro_bigger.jpg,,"ابق على اطلاعٍ بمحفظة ثرواتك الرقمية في الوقت الفعلي وابدأ بالتداول على الفور من خلال تطبيق EI + للخدمات المصرفية عبر الهاتف المتحرك.

قم بتحميل تطبيق EI + للخدمات المصرفية عبر الهاتف المتحرك.

https://t.co/mxT5J6OSOM https://t.co/v6MSR7Y6S1","ابق على اطلاعٍ بمحفظة ثرواتك الرقمية في الوقت الفعلي وابدأ بالتداول على الفور من خلال تطبيق EI + للخدمات المصرفية عبر الهاتف المتحرك.

قم بتحميل تطبيق EI + للخدمات المصرفية عبر الهاتف المتحرك.

<a href=""https://www.emiratesislamic.ae/ar/Personal-Banking/Wealth-Solutions/digital-wealth"">emiratesislamic.ae/ar/Person…</a>",False,,,15h,"May 4, 2026 · 11:00 AM UTC",2026-05-04 11:00:00+00:00,,['https://www.emiratesislamic.ae/ar/Personal-Banking/Wealth-Solutions/digital-wealth'],0,0,1,41,EI,"ابق على اطلاعٍ بمحفظة ثرواتك الرقمية في الوقت الفعلي وابدأ بالتداول على الفور من خلال تطبيق EI + للخدمات المصرفية عبر الهاتف المتحرك.

قم بتحميل تطبيق EI + للخدمات المصرفية عبر الهاتف المتحرك.

emiratesislamic.ae/ar/Person…",https://x.com/emiratesislamic/status/2051255517989797926,"ابق على اطلاعٍ بمحفظة ثرواتك الرقمية في الوقت الفعلي وابدأ بالتداول على الفور من خلال تطبيق EI + للخدمات المصرفية عبر الهاتف المتحرك.

قم بتحميل تطبيق EI + للخدمات المصرفية عبر الهاتف المتحرك.

https://t.co/mxT5J6OSOM https://t.co/v6MSR7Y6S1","ابق على اطلاعٍ بمحفظة ثرواتك الرقمية في الوقت الفعلي وابدأ بالتداول على الفور من خلال تطبيق EI + للخدمات المصرفية عبر الهاتف المتحرك.

قم بتحميل تطبيق EI + للخدمات المصرفية عبر الهاتف المتحرك.

https://t.co/mxT5J6OSOM https://t.co/v6MSR7Y6S1","Stay updated on your digital wealth portfolio in real-time and start trading immediately with the EI+ mobile banking app. 

Download the EI+ mobile banking app.",Bank,Positive,2026-05-04 15:00:00+04:00,2026-05-04
2051210228520063073,https://x.com/emiratesislamic/status/2051210228520063073,https://x.com/emiratesislamic,emiratesislamic,emiratesislamic,https://pbs.twimg.com/profile_images/1526452318874619904/yJhExjro_bigger.jpg,,"🚗 Complimentary airport transfers, meet & greet services
⛳ Golf rounds at select premium courses
🅿️ Valet parking, and much more

Valid till 31 May 2026

Terms and conditions apply

emiratesislamic.ae/en/offers…","🚗 Complimentary airport transfers, meet &amp; greet services
⛳ Golf rounds at select premium courses
🅿️ Valet parking, and much more

Valid till 31 May 2026

Terms and conditions apply

<a href=""https://www.emiratesislamic.ae/en/offers/bonus-etihad-miles-offer?utm_source=organic-twitter&amp;utm_medium=social&amp;utm_campaign=etihad"">emiratesislamic.ae/en/offers…</a>",False,,,18h,"May 4, 2026 · 8:00 AM UTC",2026-05-04 08:00:00+00:00,,['https://www.emiratesislamic.ae/en/offers/bonus-etihad-miles-offer?utm_source=organic-twitter&utm_medium=social&utm_campaign=etihad'],0,0,0,46,EI,"🚗 Complimentary airport transfers, meet & greet services
⛳ Golf rounds at select premium courses
🅿️ Valet parking, and much more

Valid till 31 May 2026

Terms and conditions apply

emiratesislamic.ae/en/offers…",,,"🚗 Complimentary airport transfers, meet & greet services
⛳ Golf rounds at select premium courses
🅿️ Valet parking, and much more

Valid till 31 May 2026

Terms and conditions apply

emiratesislamic.ae/en/offers…","Complimentary airport transfers, meet and greet services, golf rounds at select premium courses, valet parking, and much more. Valid until May 31, 2026. Terms and conditions apply.",Bank,Neutral,2026-05-04 12:00:00+04:00,2026-05-04
2051210223440871854,https://x.com/emiratesislamic/status/2051210223440871854,https://x.com/emiratesislamic,emiratesislamic,emiratesislamic,https://pbs.twimg.com/profile_images/1526452318874619904/yJhExjro_bigger.jpg,,"🚗 التوصيل من وإلى المطار وخدمات الاستقبال والترحيب
⛳جولات الغولف
🅿️خدمة صف السيارات والمزيد

يسري العرض لغاية 31 مايو 2026

تطبق الشروط والأحكام

emiratesislamic.ae/ar/offers…","🚗 التوصيل من وإلى المطار وخدمات الاستقبال والترحيب
⛳جولات الغولف
🅿️خدمة صف السيارات والمزيد

يسري العرض لغاية 31 مايو 2026

تطبق الشروط والأحكام

<a href=""https://www.emiratesislamic.ae/ar/offers/bonus-etihad-miles-offer?utm_source=organic-twitter&amp;utm_medium=social&amp;utm_campaign=etihad"">emiratesislamic.ae/ar/offers…</a>",False,,,18h,"May 4, 2026 · 8:00 AM UTC",2026-05-04 08:00:00+00:00,,['https://www.emiratesislamic.ae/ar/offers/bonus-etihad-miles-offer?utm_source=organic-twitter&utm_medium=social&utm_campaign=etihad'],1,0,0,43,EI,"🚗 التوصيل من وإلى المطار وخدمات الاستقبال والترحيب
⛳جولات الغولف
🅿️خدمة صف السيارات والمزيد

يسري العرض لغاية 31 مايو 2026

تطبق الشروط والأحكام

emiratesislamic.ae/ar/offers…",,,"🚗 التوصيل من وإلى المطار وخدمات الاستقبال والترحيب
⛳جولات الغولف
🅿️خدمة صف السيارات والمزيد

يسري العرض لغاية 31 مايو 2026

تطبق الشروط والأحكام

emiratesislamic.ae/ar/offers…","Airport pickup and drop-off services and welcome services  
Golf tours  
Valet parking service and more  

The offer is valid until May 31, 2026  

Terms and conditions apply  

emiratesislamic.ae/ar/offers…",Bank,Neutral,2026-05-04 12:00:00+04:00,2026-05-04
2051210219850489871,https://x.com/emiratesislamic/status/2051210219850489871,https://x.com/emiratesislamic,emiratesislamic,emiratesislamic,https://pbs.twimg.com/profile_images/1526452318874619904/yJhExjro_bigger.jpg,,"احصل على بطاقة ضيف الاتحاد واستمتع بمكافأة تصل إلى 100,000 ميل من أميال ضيف الاتحاد✈️ بالإضافة إلى مزايا حصرية:

🎟️ما يصل إلى قسيمتي خصم بنسبة %60 من أميال ضيف الاتحاد، لحجوزات الطيران وترقية فئة الرحلة
🚀 الترقية السريعة إلى الفئة الذهبية في برنامج ضيف الاتحاد","احصل على بطاقة ضيف الاتحاد واستمتع بمكافأة تصل إلى 100,000 ميل من أميال ضيف الاتحاد✈️ بالإضافة إلى مزايا حصرية:

🎟️ما يصل إلى قسيمتي خصم بنسبة %60 من أميال ضيف الاتحاد، لحجوزات الطيران وترقية فئة الرحلة
🚀 الترقية السريعة إلى الفئة الذهبية في برنامج ضيف الاتحاد",False,,,18h,"May 4, 2026 · 8:00 AM UTC",2026-05-04 08:00:00+00:00,,,1,0,2,153,EI,"احصل على بطاقة ضيف الاتحاد واستمتع بمكافأة تصل إلى 100,000 ميل من أميال ضيف الاتحاد✈️ بالإضافة إلى مزايا حصرية:

🎟️ما يصل إلى قسيمتي خصم بنسبة %60 من أميال ضيف الاتحاد، لحجوزات الطيران وترقية فئة الرحلة
🚀 الترقية السريعة إلى الفئة الذهبية في برنامج ضيف الاتحاد",,,"احصل على بطاقة ضيف الاتحاد واستمتع بمكافأة تصل إلى 100,000 ميل من أميال ضيف الاتحاد✈️ بالإضافة إلى مزايا حصرية:

🎟️ما يصل إلى قسيمتي خصم بنسبة %60 من أميال ضيف الاتحاد، لحجوزات الطيران وترقية فئة الرحلة
🚀 الترقية السريعة إلى الفئة الذهبية في برنامج ضيف الاتحاد","Get an Etihad Guest card and enjoy a reward of up to 100,000 Etihad Guest miles✈️ along with exclusive benefits:

🎟️ Up to two vouchers for a 60% discount on Etihad Guest miles for flight bookings and class upgrades
🚀 Fast track to gold tier in the Etihad Guest program",Bank,Neutral,2026-05-04 12:00:00+04:00,2026-05-04
2051193239932174341,https://x.com/emiratesislamic/status/2051193239932174341,https://x.com/emiratesislamic,emiratesislamic,emiratesislamic,https://pbs.twimg.com/profile_images/1526452318874619904/yJhExjro_bigger.jpg,,@emiratesislamic اسوء بنك ، اسوء بنك ، اسوء بنك https://t.co/70CQATMqMJ,مرحبا ، يأسفنا سماع تجربتك! فريقنا ملتزم بمعالجة هذا الأمر على الفور. لحماية خصوصيتك ، سيتم التواصل معك عبر الرسائل الخاصه لامكانيه مساعدتك بصوره افضل. رضاك أولويتنا.,False,,['Thefatim2'],19h,"May 4, 2026 · 6:52 AM UTC",2026-05-04 06:52:00+00:00,,,0,0,0,3,EI,مرحبا ، يأسفنا سماع تجربتك! فريقنا ملتزم بمعالجة هذا الأمر على الفور. لحماية خصوصيتك ، سيتم التواصل معك عبر الرسائل الخاصه لامكانيه مساعدتك بصوره افضل. رضاك أولويتنا.,https://x.com/emiratesislamic/status/2051193239932174341,@emiratesislamic اسوء بنك ، اسوء بنك ، اسوء بنك https://t.co/70CQATMqMJ,@emiratesislamic اسوء بنك ، اسوء بنك ، اسوء بنك https://t.co/70CQATMqMJ,"Worst bank, worst bank, worst bank",Bank,Negative,2026-05-04 10:52:00+04:00,2026-05-04
2051181531461275940,https://x.com/emiratesislamic/status/2051181531461275940,https://x.com/emiratesislamic,emiratesislamic,emiratesislamic,https://pbs.twimg.com/profile_images/1526452318874619904/yJhExjro_bigger.jpg,,"نشارككم أبرز محطات الخدمات المصرفية للشركات - نظرة على أهم اللحظات من مشاركاتنا وتعاوناتنا الأخيرة.

Sharing our recent Wholesale Banking highlights, a look back at key moments across our engagements and collaborations. https://t.co/Y6amuYGajF","نشارككم أبرز محطات الخدمات المصرفية للشركات - نظرة على أهم اللحظات من مشاركاتنا وتعاوناتنا الأخيرة.

Sharing our recent Wholesale Banking highlights, a look back at key moments across our engagements and collaborations.",False,,,20h,"May 4, 2026 · 6:06 AM UTC",2026-05-04 06:06:00+00:00,,,0,0,1,81,EI,"نشارككم أبرز محطات الخدمات المصرفية للشركات - نظرة على أهم اللحظات من مشاركاتنا وتعاوناتنا الأخيرة.

Sharing our recent Wholesale Banking highlights, a look back at key moments across our engagements and collaborations.",https://x.com/emiratesislamic/status/2051181531461275940,"نشارككم أبرز محطات الخدمات المصرفية للشركات - نظرة على أهم اللحظات من مشاركاتنا وتعاوناتنا الأخيرة.

Sharing our recent Wholesale Banking highlights, a look back at key moments across our engagements and collaborations. https://t.co/Y6amuYGajF","نشارككم أبرز محطات الخدمات المصرفية للشركات - نظرة على أهم اللحظات من مشاركاتنا وتعاوناتنا الأخيرة.

Sharing our recent Wholesale Banking highlights, a look back at key moments across our engagements and collaborations. https://t.co/Y6amuYGajF",We share with you the highlights of corporate banking - a look at the most important moments from our recent engagements and collaborations.,Bank,Neutral,2026-05-04 10:06:00+04:00,2026-05-04
2051180024997220725,https://x.com/emiratesislamic/status/2051180024997220725,https://x.com/emiratesislamic,emiratesislamic,emiratesislamic,https://pbs.twimg.com/profile_images/1526452318874619904/yJhExjro_bigger.jpg,,"💳 برنامج الدفع الميسر %0 على مشتريات بطاقة الإمارات الإسلامي الائتمانية لدى وكلاء السيارات
📅يسري لغاية 31 مايو 2026.

تطبق الشروط والأحكام.","💳 برنامج الدفع الميسر %0 على مشتريات بطاقة الإمارات الإسلامي الائتمانية لدى وكلاء السيارات
📅يسري لغاية 31 مايو 2026.

تطبق الشروط والأحكام.",False,,,20h,"May 4, 2026 · 6:00 AM UTC",2026-05-04 06:00:00+00:00,,,1,0,0,28,EI,"💳 برنامج الدفع الميسر %0 على مشتريات بطاقة الإمارات الإسلامي الائتمانية لدى وكلاء السيارات
📅يسري لغاية 31 مايو 2026.

تطبق الشروط والأحكام.",,,"💳 برنامج الدفع الميسر %0 على مشتريات بطاقة الإمارات الإسلامي الائتمانية لدى وكلاء السيارات
📅يسري لغاية 31 مايو 2026.

تطبق الشروط والأحكام.","Easy payment program 0% on purchases with Emirates Islamic credit card at car dealers. Valid until May 31, 2026. Terms and conditions apply.",Bank,Positive,2026-05-04 10:00:00+04:00,2026-05-04
2051180020534546693,https://x.com/emiratesislamic/status/2051180020534546693,https://x.com/emiratesislamic,emiratesislamic,emiratesislamic,https://pbs.twimg.com/profile_images/1526452318874619904/yJhExjro_bigger.jpg,,"استمتع بقيادة سيارة أحلامك عند الحصول على تمويل السيارات من الإمارات الإسلامي

📊 معدلات ربح مميزة ابتداءً من %1.89 ثابتة سنوياً (ما يعادل %3.61 كمعدل ربح متناقص سنوياً)","استمتع بقيادة سيارة أحلامك عند الحصول على تمويل السيارات من الإمارات الإسلامي

📊 معدلات ربح مميزة ابتداءً من %1.89 ثابتة سنوياً (ما يعادل %3.61 كمعدل ربح متناقص سنوياً)",False,,,20h,"May 4, 2026 · 6:00 AM UTC",2026-05-04 06:00:00+00:00,,,1,0,1,73,EI,"استمتع بقيادة سيارة أحلامك عند الحصول على تمويل السيارات من الإمارات الإسلامي

📊 معدلات ربح مميزة ابتداءً من %1.89 ثابتة سنوياً (ما يعادل %3.61 كمعدل ربح متناقص سنوياً)",,,"استمتع بقيادة سيارة أحلامك عند الحصول على تمويل السيارات من الإمارات الإسلامي

📊 معدلات ربح مميزة ابتداءً من %1.89 ثابتة سنوياً (ما يعادل %3.61 كمعدل ربح متناقص سنوياً)","Enjoy driving your dream car with car financing from Emirates Islamic

📊 Special profit rates starting from 1.89% fixed annually (equivalent to 3.61% as a declining profit rate annually)",Bank,Positive,2026-05-04 10:00:00+04:00,2026-05-04
2051173237304734081,https://x.com/emiratesislamic/status/2051173237304734081,https://x.com/emiratesislamic,emiratesislamic,emiratesislamic,https://pbs.twimg.com/profile_images/1526452318874619904/yJhExjro_bigger.jpg,,"Dear customer, we have tried to reach you through the direct Message, unfortunately we were not successful due to the direct message (Not Following our page). Please DM us back in order to assist you better.","Dear customer, we have tried to reach you through the direct Message, unfortunately we were not successful due to the direct message (Not Following our page). Please DM us back in order to assist you better.",False,,['praksoni'],21h,"May 4, 2026 · 5:33 AM UTC",2026-05-04 05:33:00+00:00,,,1,0,0,14,EI,"Dear customer, we have tried to reach you through the direct Message, unfortunately we were not successful due to the direct message (Not Following our page). Please DM us back in order to assist you better.",,,"Dear customer, we have tried to reach you through the direct Message, unfortunately we were not successful due to the direct message (Not Following our page). Please DM us back in order to assist you better.","Dear customer, we have tried to reach you through direct message, but unfortunately, we were not successful because you are not following our page. Please DM us back so we can assist you better.",Bank,Neutral,2026-05-04 09:33:00+04:00,2026-05-04
2051168317407207640,https://x.com/emiratesislamic/status/2051168317407207640,https://x.com/emiratesislamic,emiratesislamic,emiratesislamic,https://pbs.twimg.com/profile_images/1526452318874619904/yJhExjro_bigger.jpg,,"To protect your privacy and ensure your security, we kindly ask that you avoid sharing your personal information and phone number on public channels. For any inquiry, please feel free to reach out to us through private chat.Thank you for your trust. We are always here to assist.","To protect your privacy and ensure your security, we kindly ask that you avoid sharing your personal information and phone number on public channels. For any inquiry, please feel free to reach out to us through private chat.Thank you for your trust. We are always here to assist.",False,,['AnkitMittal1403'],21h,"May 4, 2026 · 5:13 AM UTC",2026-05-04 05:13:00+00:00,,,0,0,0,10,EI,"To protect your privacy and ensure your security, we kindly ask that you avoid sharing your personal information and phone number on public channels. For any inquiry, please feel free to reach out to us through private chat.Thank you for your trust. We are always here to assist.",,,"To protect your privacy and ensure your security, we kindly ask that you avoid sharing your personal information and phone number on public channels. For any inquiry, please feel free to reach out to us through private chat.Thank you for your trust. We are always here to assist.","To protect your privacy and ensure your security, we kindly ask that you avoid sharing your personal information and phone number on public channels. For any inquiry, please feel free to reach out to us through private chat. Thank you for your trust. We are always here to assist.",Bank,Neutral,2026-05-04 09:13:00+04:00,2026-05-04
